date,open,high,low,close,volume
2021-07-23,3273.340087890625,3281.31005859375,3239.320068359375,3280.06005859375,0
2021-07-26,3268.669921875,3286.860107421875,3256.929931640625,3276.919921875,0
2021-07-27,3258.989990234375,3261.659912109375,3152.580078125,3215.969970703125,0
2021-07-28,3230.139892578125,3283.159912109375,3216.97998046875,3272.449951171875,0
2021-07-29,3286.360107421875,3339.8701171875,3280.409912109375,3333.239990234375,0
2021-07-30,3304.510009765625,3361.169921875,3304.510009765625,3356.530029296875,0
2021-08-02,3388.5,3420.31005859375,3370.830078125,3377.489990234375,0
2021-08-03,3382.1201171875,3397.7900390625,3340.39990234375,3396.659912109375,0
2021-08-04,3415.139892578125,3450.3701171875,3405.7099609375,3436.89990234375,0
2021-08-05,3447.2099609375,3451.409912109375,3408.409912109375,3424.4599609375,0
2021-08-06,3404.39990234375,3427.570068359375,3403.469970703125,3412.050048828125,0
2021-08-09,3424.419921875,3428.110107421875,3387.570068359375,3399.760009765625,0
2021-08-10,3406.47998046875,3409.449951171875,3337.639892578125,3358.8701171875,0
2021-08-11,3370.389892578125,3373.389892578125,3310.010009765625,3350.929931640625,0
2021-08-12,3328.550048828125,3328.550048828125,3287.0400390625,3312.9599609375,0
2021-08-13,3308.77001953125,3337.610107421875,3305.81005859375,3335.0400390625,0
2021-08-16,3323.77001953125,3331.739990234375,3298.199951171875,3322.639892578125,0
2021-08-17,3288.02001953125,3288.02001953125,3228.889892578125,3256.820068359375,0
2021-08-18,3245.659912109375,3269.14990234375,3205.97998046875,3208.830078125,0
2021-08-19,3192.22998046875,3252.6298828125,3166.830078125,3235.8701171875,0
2021-08-20,3245.219970703125,3263.469970703125,3218.550048828125,3256.5,0
2021-08-23,3287.679931640625,3346.159912109375,3287.360107421875,3342.010009765625,0
2021-08-24,3347.830078125,3363.419921875,3338.919921875,3345.389892578125,0
2021-08-25,3365.199951171875,3393.89990234375,3363.25,3372.550048828125,0
2021-08-26,3368.360107421875,3385.469970703125,3346.830078125,3370.389892578125,0
2021-08-27,3373.5,3441.780029296875,3373.5,3436.449951171875,0
2021-08-30,3460.800048828125,3477.929931640625,3433.8798828125,3446.43994140625,0
2021-08-31,3446.469970703125,3446.580078125,3391.1201171875,3417.719970703125,0
2021-09-01,3431.0,3433.010009765625,3398.6298828125,3399.949951171875,0
2021-09-02,3413.35009765625,3420.010009765625,3396.949951171875,3411.320068359375,0
2021-09-03,3405.030029296875,3445.39990234375,3401.760009765625,3430.889892578125,0
2021-09-07,3432.199951171875,3432.989990234375,3401.889892578125,3419.72998046875,0
2021-09-08,3409.510009765625,3411.75,3350.260009765625,3377.679931640625,0
2021-09-09,3381.570068359375,3410.06005859375,3379.830078125,3390.840087890625,0
2021-09-10,3425.3701171875,3468.679931640625,3415.159912109375,3416.659912109375,0
2021-09-13,3450.580078125,3458.070068359375,3405.340087890625,3449.679931640625,0
2021-09-14,3464.7099609375,3475.780029296875,3433.510009765625,3449.389892578125,0
2021-09-15,3451.239990234375,3466.52001953125,3421.56005859375,3465.760009765625,0
2021-09-16,3437.280029296875,3484.18994140625,3427.85009765625,3473.60009765625,0
2021-09-17,3457.77001953125,3457.77001953125,3403.139892578125,3421.159912109375,0
2021-09-20,3341.280029296875,3360.030029296875,3289.409912109375,3338.22998046875,0
2021-09-21,3363.35009765625,3368.3798828125,3313.85009765625,3345.030029296875,0
2021-09-22,3374.22998046875,3420.739990234375,3357.6201171875,3412.02001953125,0
2021-09-23,3426.280029296875,3468.739990234375,3418.0,3457.449951171875,0
2021-09-24,3431.139892578125,3461.280029296875,3426.080078125,3453.919921875,0
2021-09-27,3418.1201171875,3458.22998046875,3399.080078125,3445.43994140625,0
2021-09-28,3378.110107421875,3398.10009765625,3313.75,3314.389892578125,0
2021-09-29,3318.330078125,3329.889892578125,3257.2099609375,3263.840087890625,0
2021-09-30,3293.72998046875,3311.409912109375,3257.739990234375,3258.090087890625,0
2021-10-01,3275.280029296875,3277.580078125,3208.550048828125,3261.179931640625,0
2021-10-04,3240.89990234375,3246.419921875,3170.469970703125,3180.06005859375,0
2021-10-05,3204.72998046875,3249.010009765625,3191.14990234375,3227.25,0
2021-10-06,3191.510009765625,3242.3798828125,3182.6201171875,3238.7900390625,0
2021-10-07,3281.02001953125,3319.3798828125,3271.18994140625,3274.47998046875,0
2021-10-08,3288.580078125,3289.5,3241.8701171875,3246.27001953125,0
2021-10-11,3232.820068359375,3274.39990234375,3219.949951171875,3221.22998046875,0
2021-10-12,3240.780029296875,3242.889892578125,3165.35009765625,3178.14990234375,0
2021-10-13,3203.659912109375,3211.969970703125,3183.5,3192.75,0
2021-10-14,3245.8701171875,3292.090087890625,3243.14990234375,3291.239990234375,0
2021-10-15,3316.5400390625,3325.31005859375,3299.550048828125,3314.409912109375,0
2021-10-18,3287.419921875,3340.840087890625,3276.699951171875,3338.780029296875,0
2021-10-19,3343.1298828125,3381.699951171875,3331.989990234375,3381.449951171875,0
2021-10-20,3380.3798828125,3387.97998046875,3363.340087890625,3374.219970703125,0
2021-10-21,3353.949951171875,3414.97998046875,3353.8701171875,3412.050048828125,0
2021-10-22,3393.139892578125,3427.1298828125,3366.6298828125,3370.280029296875,0
2021-10-25,3384.93994140625,3412.39990234375,3377.969970703125,3392.389892578125,0
2021-10-26,3420.330078125,3427.89990234375,3381.14990234375,3392.9599609375,0
2021-10-27,3365.110107421875,3399.1298828125,3353.780029296875,3360.2900390625,0
2021-10-28,3406.300048828125,3440.580078125,3402.969970703125,3438.830078125,0
2021-10-29,3407.47998046875,3452.830078125,3404.14990234375,3451.27001953125,0
2021-11-01,3459.570068359375,3507.56005859375,3451.679931640625,3506.280029296875,0
2021-11-02,3510.25,3549.760009765625,3510.25,3548.860107421875,0
2021-11-03,3552.7099609375,3592.760009765625,3540.0,3590.169921875,0
2021-11-04,3633.110107421875,3728.080078125,3617.090087890625,3715.760009765625,0
2021-11-05,3738.889892578125,3789.590087890625,3725.320068359375,3756.550048828125,0
2021-11-08,3781.1298828125,3824.320068359375,3766.47998046875,3803.330078125,0
2021-11-09,3830.77001953125,3838.6201171875,3767.030029296875,3800.570068359375,0
2021-11-10,3727.590087890625,3783.06005859375,3676.6201171875,3693.02001953125,0
2021-11-11,3740.360107421875,3772.070068359375,3723.169921875,3764.489990234375,0
2021-11-12,3770.52001953125,3812.340087890625,3754.669921875,3794.5,0
2021-11-15,3817.10009765625,3823.6201171875,3760.10009765625,3793.75,0
2021-11-16,3781.909912109375,3866.72998046875,3774.070068359375,3859.39990234375,0
2021-11-17,3851.31005859375,3856.5,3813.580078125,3831.43994140625,0
2021-11-18,3904.2900390625,3916.919921875,3861.93994140625,3899.9599609375,0
2021-11-19,3895.64990234375,3936.989990234375,3879.860107421875,3912.02001953125,0
2021-11-22,3928.0,3982.1201171875,3843.889892578125,3847.1201171875,0
2021-11-23,3836.68994140625,3869.860107421875,3773.43994140625,3834.429931640625,0
2021-11-24,3800.050048828125,3871.590087890625,3765.68994140625,3870.010009765625,0
2021-11-26,3799.550048828125,3833.050048828125,3735.929931640625,3757.1298828125,0
2021-11-29,3827.409912109375,3914.699951171875,3806.360107421875,3910.5400390625,0
2021-11-30,3893.010009765625,3924.7900390625,3804.60009765625,3833.219970703125,0
2021-12-01,3896.090087890625,3958.719970703125,3806.330078125,3810.75,0
2021-12-02,3758.199951171875,3838.639892578125,3742.5400390625,3810.820068359375,0
2021-12-03,3874.52001953125,3902.860107421875,3762.070068359375,3804.5400390625,0
2021-12-06,3797.590087890625,3814.330078125,3687.8701171875,3800.070068359375,0
2021-12-07,3892.320068359375,4002.159912109375,3892.320068359375,3988.75,0
2021-12-08,3954.260009765625,3973.419921875,3928.159912109375,3964.43994140625,0
2021-12-09,3936.340087890625,3981.93994140625,3877.080078125,3879.52001953125,0
2021-12-10,3952.39990234375,3967.97998046875,3871.889892578125,3914.669921875,0
2021-12-13,3931.030029296875,3936.7099609375,3811.050048828125,3814.429931640625,0
2021-12-14,3768.06005859375,3814.6201171875,3746.43994140625,3794.409912109375,0
2021-12-15,3805.409912109375,3939.860107421875,3757.280029296875,3934.4599609375,0
2021-12-16,3961.550048828125,3961.989990234375,3748.1298828125,3766.320068359375,0
2021-12-17,3733.659912109375,3814.830078125,3721.169921875,3761.0400390625,0
2021-12-20,3707.39990234375,3755.3701171875,3689.3798828125,3732.389892578125,0
2021-12-21,3818.570068359375,3861.77001953125,3760.06005859375,3857.300048828125,0
2021-12-22,3836.5400390625,3892.77001953125,3817.219970703125,3891.919921875,0
2021-12-23,3906.820068359375,3955.5400390625,3906.820068359375,3932.389892578125,0
2021-12-27,3945.989990234375,4040.6298828125,3945.989990234375,4039.510009765625,0
2021-12-28,4052.830078125,4054.989990234375,3977.719970703125,3992.18994140625,0
2021-12-29,3995.4599609375,4023.989990234375,3979.18994140625,3999.35009765625,0
2021-12-30,3996.43994140625,4008.68994140625,3945.760009765625,3952.0400390625,0
2021-12-31,3960.4599609375,3987.550048828125,3944.820068359375,3946.169921875,0
2022-01-03,3974.31005859375,4027.89990234375,3961.2900390625,4027.219970703125,0
2022-01-04,4045.3701171875,4068.14990234375,3918.409912109375,4009.0,0
2022-01-05,3988.60009765625,4020.5,3876.840087890625,3879.8701171875,0
2022-01-06,3872.39990234375,3926.989990234375,3839.080078125,3909.0400390625,0
2022-01-07,3912.18994140625,3917.820068359375,3786.429931640625,3796.320068359375,0
2022-01-10,3738.18994140625,3810.300048828125,3676.77001953125,3805.389892578125,0
2022-01-11,3785.580078125,3879.0,3767.820068359375,3875.43994140625,0
2022-01-12,3915.610107421875,3937.9599609375,3866.14990234375,3901.2099609375,0
2022-01-13,3971.169921875,3992.22998046875,3801.429931640625,3811.840087890625,0
2022-01-14,3783.10009765625,3903.050048828125,3783.10009765625,3900.610107421875,0
2022-01-18,3840.780029296875,3840.949951171875,3720.159912109375,3727.239990234375,0
2022-01-19,3763.25,3777.89990234375,3610.47998046875,3612.18994140625,0
2022-01-20,3638.14990234375,3666.6201171875,3493.10009765625,3494.75,0
2022-01-21,3466.18994140625,3567.10009765625,3429.8798828125,3434.7900390625,0
2022-01-24,3363.39990234375,3483.489990234375,3257.4599609375,3479.949951171875,0
2022-01-25,3387.93994140625,3432.2099609375,3335.699951171875,3350.85009765625,0
2022-01-26,3447.31005859375,3540.52001953125,3357.110107421875,3407.0,0
2022-01-27,3422.909912109375,3422.909912109375,3236.199951171875,3244.0,0
2022-01-28,3237.489990234375,3304.169921875,3147.47998046875,3303.39990234375,0
2022-01-31,3332.1298828125,3484.7099609375,3304.8798828125,3483.2099609375,0
2022-02-01,3504.659912109375,3515.47998046875,3422.360107421875,3510.860107421875,0
2022-02-02,3578.419921875,3601.219970703125,3526.9599609375,3597.169921875,0
2022-02-03,3510.25,3559.199951171875,3425.18994140625,3432.550048828125,0
2022-02-04,3420.429931640625,3481.659912109375,3374.5,3453.070068359375,0
2022-02-07,3470.489990234375,3507.530029296875,3440.25,3452.330078125,0
2022-02-08,3443.199951171875,3545.1298828125,3433.85009765625,3535.1298828125,0
2022-02-09,3590.699951171875,3655.280029296875,3543.719970703125,3653.719970703125,0
2022-02-10,3569.14990234375,3674.3701171875,3520.52001953125,3536.10009765625,0
2022-02-11,3552.72998046875,3568.830078125,3341.780029296875,3365.25,0
2022-02-14,3376.1201171875,3433.080078125,3324.550048828125,3370.199951171875,0
2022-02-15,3439.10009765625,3559.77001953125,3433.0,3554.449951171875,0
2022-02-16,3511.2099609375,3567.0,3480.8701171875,3555.68994140625,0
2022-02-17,3509.090087890625,3512.0400390625,3420.85009765625,3422.60009765625,0
2022-02-18,3429.419921875,3432.3798828125,3336.0,3384.300048828125,0
2022-02-22,3347.219970703125,3436.280029296875,3307.31005859375,3356.070068359375,0
2022-02-23,3402.830078125,3430.090087890625,3273.06005859375,3277.800048828125,0
2022-02-24,3156.840087890625,3404.2099609375,3152.679931640625,3399.159912109375,0
2022-02-25,3390.9599609375,3454.919921875,3351.929931640625,3452.669921875,0
2022-02-28,3415.39990234375,3460.800048828125,3364.080078125,3429.530029296875,0
2022-03-01,3419.52001953125,3435.080078125,3274.31005859375,3304.85009765625,0
2022-03-02,3335.580078125,3436.070068359375,3330.6201171875,3416.159912109375,0
2022-03-03,3424.02001953125,3425.590087890625,3322.699951171875,3339.760009765625,0
2022-03-04,3314.93994140625,3337.739990234375,3220.409912109375,3258.919921875,0
2022-03-07,3273.070068359375,3285.679931640625,3097.760009765625,3098.929931640625,0
2022-03-08,3110.169921875,3268.47998046875,3067.52001953125,3156.8701171875,0
2022-03-09,3261.219970703125,3303.6298828125,3223.39990234375,3282.179931640625,0
2022-03-10,3222.330078125,3223.330078125,3151.6201171875,3211.070068359375,0
2022-03-11,3259.72998046875,3266.340087890625,3139.610107421875,3144.14990234375,0
2022-03-14,3140.22998046875,3150.030029296875,3030.070068359375,3047.5,0
2022-03-15,3073.77001953125,3186.60009765625,3057.77001953125,3180.239990234375,0
2022-03-16,3232.97998046875,3340.85009765625,3202.3701171875,3340.070068359375,0
2022-03-17,3298.469970703125,3365.1298828125,3280.659912109375,3364.550048828125,0
2022-03-18,3338.0,3443.679931640625,3324.719970703125,3432.300048828125,0
2022-03-21,3413.659912109375,3450.4599609375,3365.25,3423.239990234375,0
2022-03-22,3421.93994140625,3485.22998046875,3417.110107421875,3445.85009765625,0
2022-03-23,3411.679931640625,3457.25,3359.3798828125,3360.320068359375,0
2022-03-24,3398.010009765625,3533.580078125,3384.300048828125,3532.719970703125,0
2022-03-25,3525.9599609375,3535.409912109375,3466.989990234375,3525.340087890625,0
2022-03-28,3501.7900390625,3548.5400390625,3450.93994140625,3547.169921875,0
2022-03-29,3601.3701171875,3633.139892578125,3557.659912109375,3625.580078125,0
2022-03-30,3605.260009765625,3611.199951171875,3493.68994140625,3508.6201171875,0
2022-03-31,3503.739990234375,3523.699951171875,3427.469970703125,3429.0,0
2022-04-01,3454.070068359375,3455.800048828125,3317.8798828125,3366.639892578125,0
2022-04-04,3380.610107421875,3428.659912109375,3368.35009765625,3424.949951171875,0
2022-04-05,3396.449951171875,3400.590087890625,3264.3798828125,3269.820068359375,0
2022-04-06,3197.989990234375,3246.8798828125,3164.989990234375,3193.9599609375,0
2022-04-07,3188.89990234375,3226.7900390625,3134.3701171875,3197.43994140625,0
2022-04-08,3164.93994140625,3173.530029296875,3116.669921875,3120.159912109375,0
2022-04-11,3067.97998046875,3099.419921875,3052.139892578125,3055.090087890625,0
2022-04-12,3124.320068359375,3145.75,3035.93994140625,3047.469970703125,0
2022-04-13,3065.25,3136.639892578125,3053.639892578125,3119.320068359375,0
2022-04-14,3131.419921875,3132.610107421875,3026.77001953125,3028.219970703125,0
2022-04-18,3017.9599609375,3110.030029296875,3017.9599609375,3085.18994140625,0
2022-04-19,3073.320068359375,3157.52001953125,3057.429931640625,3153.22998046875,0
2022-04-20,3205.679931640625,3227.179931640625,3135.449951171875,3142.199951171875,0
2022-04-21,3185.820068359375,3216.7900390625,3046.68994140625,3058.739990234375,0
2022-04-22,3054.6201171875,3069.52001953125,2988.419921875,2989.830078125,0
2022-04-25,2964.60009765625,3045.679931640625,2964.570068359375,3042.389892578125,0
2022-04-26,3006.909912109375,3006.909912109375,2908.1298828125,2909.1201171875,0
2022-04-27,2879.760009765625,2964.469970703125,2875.3701171875,2894.909912109375,0
2022-04-28,2968.449951171875,3087.0400390625,2919.5,3056.360107421875,0
2022-04-29,3006.489990234375,3065.719970703125,2916.1201171875,2919.739990234375,0
2022-05-02,2935.9599609375,3024.7900390625,2905.43994140625,3022.239990234375,0
2022-05-03,3012.219970703125,3067.409912109375,2994.949951171875,3044.889892578125,0
2022-05-04,3071.169921875,3166.699951171875,2974.7099609375,3163.7900390625,0
2022-05-05,3103.590087890625,3105.5,2965.72998046875,3005.530029296875,0
2022-05-06,2990.4599609375,3044.820068359375,2926.090087890625,2982.06005859375,0
2022-05-09,2918.419921875,2949.919921875,2817.2099609375,2829.10009765625,0
2022-05-10,2918.60009765625,2948.639892578125,2834.860107421875,2900.1298828125,0
2022-05-11,2872.909912109375,2937.389892578125,2806.989990234375,2811.93994140625,0
2022-05-12,2781.840087890625,2851.75,2754.699951171875,2827.2099609375,0
2022-05-13,2880.0,2988.330078125,2863.409912109375,2970.3701171875,0
2022-05-16,2929.860107421875,2967.77001953125,2912.239990234375,2920.06005859375,0
2022-05-17,3007.47998046875,3071.56005859375,2990.31005859375,3066.5,0
2022-05-18,3012.02001953125,3054.81005859375,2897.93994140625,2907.9599609375,0
2022-05-19,2901.050048828125,2960.1298828125,2867.1298828125,2890.330078125,0
2022-05-20,2937.699951171875,2939.469970703125,2758.75,2882.64990234375,0
2022-05-23,2861.340087890625,2904.169921875,2844.090087890625,2898.429931640625,0
2022-05-24,2853.7099609375,2863.510009765625,2797.89990234375,2827.050048828125,0
2022-05-25,2812.06005859375,2905.93994140625,2809.739990234375,2882.929931640625,0
2022-05-26,2849.969970703125,3006.22998046875,2848.489990234375,2994.610107421875,0
2022-05-27,3048.110107421875,3120.889892578125,3046.699951171875,3115.35009765625,0
2022-05-31,3110.090087890625,3126.860107421875,3052.659912109375,3098.68994140625,0
2022-06-01,3117.300048828125,3130.10009765625,3011.179931640625,3049.030029296875,0
2022-06-02,3041.97998046875,3158.6201171875,3036.97998046875,3157.97998046875,0
2022-06-03,3080.5400390625,3103.360107421875,3047.89990234375,3062.590087890625,0
2022-06-06,3121.93994140625,3132.419921875,3047.179931640625,3062.739990234375,0
2022-06-07,3025.919921875,3098.75,3007.969970703125,3092.969970703125,0
2022-06-08,3069.760009765625,3082.3798828125,3000.4599609375,3019.10009765625,0
2022-06-09,2995.780029296875,3047.719970703125,2937.39990234375,2937.7900390625,0
2022-06-10,2894.7099609375,2911.760009765625,2828.4599609375,2831.97998046875,0
2022-06-13,2742.14990234375,2765.429931640625,2665.639892578125,2673.0,0
2022-06-14,2707.27001953125,2713.5,2658.409912109375,2689.889892578125,0
2022-06-15,2726.070068359375,2780.639892578125,2674.02001953125,2737.550048828125,0
2022-06-16,2648.22998046875,2655.090087890625,2537.68994140625,2566.860107421875,0
2022-06-17,2581.719970703125,2598.56005859375,2523.199951171875,2578.5400390625,0
2022-06-21,2638.469970703125,2685.010009765625,2633.56005859375,2649.3701171875,0
2022-06-22,2603.60009765625,2658.760009765625,2602.89990234375,2619.7099609375,0
2022-06-23,2633.010009765625,2636.820068359375,2563.679931640625,2602.739990234375,0
2022-06-24,2639.77001953125,2719.530029296875,2639.43994140625,2718.469970703125,0
2022-06-27,2745.760009765625,2749.659912109375,2692.780029296875,2713.47998046875,0
2022-06-28,2724.47998046875,2758.52001953125,2640.800048828125,2642.070068359375,0
2022-06-29,2604.97998046875,2610.679931640625,2553.530029296875,2583.97998046875,0
2022-06-30,2548.639892578125,2602.550048828125,2514.419921875,2556.25,0
2022-07-01,2512.10009765625,2524.030029296875,2429.89990234375,2458.4599609375,0
2022-07-05,2391.81005859375,2478.260009765625,2386.669921875,2477.639892578125,0
2022-07-06,2477.320068359375,2520.830078125,2456.22998046875,2494.110107421875,0
2022-07-07,2560.199951171875,2616.43994140625,2555.3798828125,2605.889892578125,0
2022-07-08,2567.179931640625,2632.340087890625,2561.280029296875,2618.02001953125,0
2022-07-11,2575.739990234375,2588.02001953125,2538.97998046875,2553.68994140625,0
2022-07-12,2583.219970703125,2588.3798828125,2542.5400390625,2558.169921875,0
2022-07-13,2507.85009765625,2594.969970703125,2504.989990234375,2577.360107421875,0
2022-07-14,2566.739990234375,2636.6298828125,2529.550048828125,2626.919921875,0
2022-07-15,2658.219970703125,2694.969970703125,2626.0,2693.77001953125,0
2022-07-18,2731.56005859375,2754.9599609375,2665.179931640625,2679.570068359375,0
2022-07-19,2724.340087890625,2813.77001953125,2717.81005859375,2803.139892578125,0
2022-07-20,2792.780029296875,2883.52001953125,2777.340087890625,2872.9599609375,0
2022-07-21,2884.18994140625,2918.22998046875,2845.639892578125,2916.81005859375,0
2022-07-22,2904.949951171875,2906.52001953125,2820.22998046875,2842.409912109375,0
2022-07-25,2822.22998046875,2827.949951171875,2781.669921875,2825.030029296875,0
2022-07-26,2808.0,2822.760009765625,2771.739990234375,2778.9599609375,0
2022-07-27,2835.139892578125,2930.6298828125,2822.97998046875,2911.0,0
2022-07-28,2912.760009765625,2950.25,2853.39990234375,2944.5,0
2022-07-29,2895.320068359375,2975.330078125,2892.510009765625,2967.139892578125,0
2022-08-01,2942.760009765625,3006.739990234375,2929.39990234375,2978.320068359375,0
2022-08-02,2951.080078125,3021.570068359375,2936.429931640625,2974.75,0
2022-08-03,2972.590087890625,3060.47998046875,2970.510009765625,3053.4599609375,0
2022-08-04,3041.010009765625,3087.449951171875,3037.9599609375,3081.409912109375,0
2022-08-05,3027.8701171875,3077.449951171875,3010.06005859375,3053.389892578125,0
2022-08-08,3002.52001953125,3041.159912109375,2961.320068359375,3004.340087890625,0
2022-08-09,2928.179931640625,2937.6201171875,2832.610107421875,2866.89990234375,0
2022-08-10,2942.820068359375,2990.64990234375,2905.43994140625,2988.7099609375,0
2022-08-11,3008.489990234375,3067.030029296875,2975.080078125,2978.699951171875,0
2022-08-12,2998.760009765625,3072.320068359375,2992.5,3067.840087890625,0
2022-08-15,3052.860107421875,3084.860107421875,3032.530029296875,3077.330078125,0
2022-08-16,3059.27001953125,3074.610107421875,3013.2900390625,3045.639892578125,0
2022-08-17,2999.8701171875,3000.409912109375,2931.860107421875,2970.1201171875,0
2022-08-18,2974.199951171875,3058.56005859375,2967.14990234375,3037.840087890625,0
2022-08-19,2991.8701171875,3008.64990234375,2941.6298828125,2953.340087890625,0
2022-08-22,2891.659912109375,2903.0400390625,2833.6201171875,2843.3701171875,0
2022-08-23,2852.2099609375,2901.889892578125,2849.919921875,2864.31005859375,0
2022-08-24,2855.3701171875,2875.300048828125,2833.60009765625,2866.179931640625,0
2022-08-25,2873.429931640625,2973.1298828125,2873.010009765625,2971.070068359375,0
2022-08-26,2958.47998046875,2966.52001953125,2797.590087890625,2798.43994140625,0
2022-08-29,2776.5400390625,2801.590087890625,2741.199951171875,2744.5,0
2022-08-30,2770.0400390625,2770.0400390625,2678.77001953125,2708.6298828125,0
2022-08-31,2711.840087890625,2718.1298828125,2656.969970703125,2677.389892578125,0
2022-09-01,2608.22998046875,2629.22998046875,2548.169921875,2625.949951171875,0
2022-09-02,2670.330078125,2686.02001953125,2587.89990234375,2599.260009765625,0
2022-09-06,2596.1201171875,2612.27001953125,2550.989990234375,2571.469970703125,0
2022-09-07,2578.75,2631.409912109375,2560.449951171875,2611.5,0
2022-09-08,2579.780029296875,2664.2099609375,2571.1298828125,2658.179931640625,0
2022-09-09,2693.280029296875,2732.52001953125,2693.070068359375,2721.77001953125,0
2022-09-12,2725.449951171875,2745.489990234375,2701.530029296875,2731.090087890625,0
2022-09-13,2626.2900390625,2647.97998046875,2555.969970703125,2562.27001953125,0
2022-09-14,2583.090087890625,2607.389892578125,2554.0,2591.510009765625,0
2022-09-15,2570.3798828125,2601.1201171875,2530.530029296875,2549.5400390625,0
2022-09-16,2524.7099609375,2565.419921875,2504.8701171875,2563.139892578125,0
2022-09-19,2533.60009765625,2586.89990234375,2533.3701171875,2577.93994140625,0
2022-09-20,2557.010009765625,2563.489990234375,2522.989990234375,2539.5,0
2022-09-21,2545.010009765625,2625.4599609375,2514.4599609375,2514.9599609375,0
2022-09-22,2500.1201171875,2507.97998046875,2431.7900390625,2444.25,0
2022-09-23,2417.719970703125,2423.1201171875,2369.4599609375,2408.89990234375,0
2022-09-26,2407.7099609375,2439.929931640625,2372.18994140625,2373.469970703125,0
2022-09-27,2422.77001953125,2435.31005859375,2362.580078125,2398.0400390625,0
2022-09-28,2376.199951171875,2437.360107421875,2369.22998046875,2427.260009765625,0
2022-09-29,2385.5400390625,2386.1201171875,2313.080078125,2347.360107421875,0
2022-09-30,2324.610107421875,2380.68994140625,2306.64990234375,2306.699951171875,0
2022-10-03,2343.080078125,2415.639892578125,2321.18994140625,2393.320068359375,0
2022-10-04,2472.2099609375,2503.68994140625,2460.489990234375,2500.110107421875,0
2022-10-05,2458.010009765625,2543.89990234375,2435.159912109375,2523.610107421875,0
2022-10-06,2520.199951171875,2563.280029296875,2502.89990234375,2508.840087890625,0
2022-10-07,2428.2099609375,2440.090087890625,2344.919921875,2356.75,0
2022-10-10,2346.7900390625,2347.219970703125,2247.56005859375,2275.340087890625,0
2022-10-11,2233.0400390625,2262.260009765625,2188.93994140625,2218.489990234375,0
2022-10-12,2218.43994140625,2224.7900390625,2190.110107421875,2198.60009765625,0
2022-10-13,2103.699951171875,2299.669921875,2089.820068359375,2263.239990234375,0
2022-10-14,2281.679931640625,2286.949951171875,2158.800048828125,2162.320068359375,0
2022-10-17,2232.550048828125,2241.590087890625,2194.39990234375,2211.659912109375,0
2022-10-18,2288.77001953125,2296.469970703125,2183.169921875,2220.9599609375,0
2022-10-19,2209.6298828125,2258.75,2200.89990234375,2237.739990234375,0
2022-10-20,2251.1298828125,2320.909912109375,2240.909912109375,2253.219970703125,0
2022-10-21,2253.3701171875,2339.89990234375,2238.1201171875,2336.68994140625,0
2022-10-24,2343.5,2360.4599609375,2294.31005859375,2351.550048828125,0
2022-10-25,2359.43994140625,2420.47998046875,2359.43994140625,2404.68994140625,0
2022-10-26,2351.14990234375,2433.64990234375,2343.68994140625,2376.330078125,0
2022-10-27,2419.080078125,2430.780029296875,2338.3798828125,2340.60009765625,0
2022-10-28,2347.3701171875,2436.64990234375,2338.030029296875,2433.659912109375,0
2022-10-31,2409.43994140625,2415.969970703125,2371.580078125,2384.449951171875,0
2022-11-01,2436.659912109375,2439.43994140625,2390.27001953125,2402.75,0
2022-11-02,2420.580078125,2462.139892578125,2327.739990234375,2328.469970703125,0
2022-11-03,2283.330078125,2330.949951171875,2259.8701171875,2292.85009765625,0
2022-11-04,2383.7099609375,2401.22998046875,2339.889892578125,2398.239990234375,0
2022-11-07,2413.169921875,2457.77001953125,2386.64990234375,2450.6201171875,0
2022-11-08,2501.2099609375,2535.550048828125,2454.239990234375,2503.389892578125,0
2022-11-09,2466.0,2472.610107421875,2423.9599609375,2424.820068359375,0
2022-11-10,2568.219970703125,2675.830078125,2539.72998046875,2672.5,0
2022-11-11,2677.590087890625,2769.43994140625,2655.18994140625,2754.89990234375,0
2022-11-14,2742.159912109375,2779.489990234375,2725.77001953125,2728.050048828125,0
2022-11-15,2833.47998046875,2848.679931640625,2771.7099609375,2810.610107421875,0
2022-11-16,2735.4599609375,2747.840087890625,2677.320068359375,2690.820068359375,0
2022-11-17,2633.85009765625,2728.0,2633.85009765625,2719.10009765625,0
2022-11-18,2759.840087890625,2760.0,2693.3701171875,2724.030029296875,0
2022-11-21,2684.280029296875,2696.699951171875,2669.35009765625,2675.830078125,0
2022-11-22,2702.030029296875,2757.7099609375,2677.31005859375,2756.820068359375,0
2022-11-23,2756.64990234375,2814.8701171875,2756.360107421875,2786.419921875,0
2022-11-25,2766.60009765625,2780.5,2751.27001953125,2751.27001953125,0
2022-11-28,2714.360107421875,2744.639892578125,2664.570068359375,2678.780029296875,0
2022-11-29,2685.030029296875,2704.699951171875,2656.6298828125,2670.64990234375,0
2022-11-30,2678.56005859375,2827.699951171875,2655.06005859375,2826.85009765625,0
2022-12-01,2833.449951171875,2841.860107421875,2770.97998046875,2804.699951171875,0
2022-12-02,2729.75,2777.489990234375,2723.35009765625,2771.239990234375,0
2022-12-05,2756.409912109375,2777.239990234375,2713.10009765625,2738.050048828125,0
2022-12-06,2732.860107421875,2736.56005859375,2650.60009765625,2673.530029296875,0
2022-12-07,2645.469970703125,2689.0,2645.469970703125,2673.25,0
2022-12-08,2684.93994140625,2749.1201171875,2668.27001953125,2744.72998046875,0
2022-12-09,2735.090087890625,2771.8798828125,2715.919921875,2721.02001953125,0
2022-12-12,2710.10009765625,2779.47998046875,2699.47998046875,2779.2099609375,0
2022-12-13,2899.0,2913.1201171875,2788.93994140625,2821.530029296875,0
2022-12-14,2818.6298828125,2849.43994140625,2751.239990234375,2777.27001953125,0
2022-12-15,2728.68994140625,2731.909912109375,2657.780029296875,2661.409912109375,0
2022-12-16,2646.280029296875,2670.110107421875,2612.43994140625,2636.10009765625,0
2022-12-19,2634.510009765625,2638.3701171875,2576.3701171875,2599.860107421875,0
2022-12-20,2568.2900390625,2607.8701171875,2565.510009765625,2583.639892578125,0
2022-12-21,2601.7900390625,2652.18994140625,2600.239990234375,2644.5,0
2022-12-22,2589.10009765625,2589.10009765625,2482.449951171875,2533.330078125,0
2022-12-23,2513.389892578125,2536.820068359375,2490.760009765625,2535.489990234375,0
2022-12-27,2515.820068359375,2518.840087890625,2482.239990234375,2490.169921875,0
2022-12-28,2474.639892578125,2504.43994140625,2445.199951171875,2453.489990234375,0
2022-12-29,2493.510009765625,2543.22998046875,2485.02001953125,2534.949951171875,0
2022-12-30,2492.72998046875,2533.97998046875,2479.02001953125,2532.110107421875,0
2023-01-03,2574.679931640625,2574.679931640625,2489.280029296875,2500.989990234375,0
2023-01-04,2552.35009765625,2582.27001953125,2523.389892578125,2569.4599609375,0
2023-01-05,2538.4599609375,2556.300048828125,2517.14990234375,2518.52001953125,0
2023-01-06,2553.39990234375,2649.3798828125,2519.179931640625,2636.10009765625,0
2023-01-09,2683.1298828125,2745.85009765625,2667.840087890625,2686.75,0
2023-01-10,2674.530029296875,2722.10009765625,2663.39990234375,2721.2900390625,0
2023-01-11,2720.840087890625,2756.489990234375,2700.300048828125,2755.360107421875,0
2023-01-12,2770.010009765625,2807.669921875,2714.75,2789.64990234375,0
2023-01-13,2763.010009765625,2802.830078125,2753.909912109375,2800.659912109375,0
2023-01-17,2791.3701171875,2830.860107421875,2780.5,2807.47998046875,0
2023-01-18,2837.419921875,2854.489990234375,2788.35009765625,2789.469970703125,0
2023-01-19,2762.860107421875,2763.7900390625,2704.2900390625,2710.43994140625,0
2023-01-20,2734.219970703125,2795.64990234375,2710.169921875,2794.68994140625,0
2023-01-23,2822.139892578125,2943.7099609375,2818.43994140625,2934.830078125,0
2023-01-24,2900.39990234375,2936.68994140625,2897.449951171875,2913.739990234375,0
2023-01-25,2859.56005859375,2923.1201171875,2840.06005859375,2918.989990234375,0
2023-01-26,2954.39990234375,2969.030029296875,2905.300048828125,2966.60009765625,0
2023-01-27,2906.949951171875,2971.050048828125,2905.77001953125,2945.27001953125,0
2023-01-30,2903.60009765625,2920.110107421875,2865.02001953125,2866.68994140625,0
2023-01-31,2859.9599609375,2922.72998046875,2859.179931640625,2921.919921875,0
2023-02-01,2935.929931640625,3103.510009765625,2935.929931640625,3073.469970703125,0
2023-02-02,3103.610107421875,3168.699951171875,3088.169921875,3141.840087890625,0
2023-02-03,3069.8798828125,3151.85009765625,3064.679931640625,3082.110107421875,0
2023-02-06,3027.5,3075.800048828125,3018.780029296875,3029.739990234375,0
2023-02-07,3042.860107421875,3138.389892578125,3033.0400390625,3124.14990234375,0
2023-02-08,3106.2099609375,3128.5400390625,3049.969970703125,3055.6298828125,0
2023-02-09,3112.7099609375,3140.81005859375,3039.010009765625,3059.6201171875,0
2023-02-10,3025.10009765625,3033.68994140625,2979.739990234375,3011.14990234375,0
2023-02-13,3022.780029296875,3066.10009765625,3001.27001953125,3057.320068359375,0
2023-02-14,3024.159912109375,3131.3701171875,3013.25,3121.6298828125,0
2023-02-15,3092.719970703125,3134.489990234375,3063.22998046875,3133.070068359375,0
2023-02-16,3077.800048828125,3108.550048828125,3051.25,3055.239990234375,0
2023-02-17,3032.800048828125,3042.429931640625,2980.139892578125,3005.8701171875,0
2023-02-21,2961.1201171875,2992.0,2901.7099609375,2906.260009765625,0
2023-02-22,2910.840087890625,2935.929931640625,2875.56005859375,2892.389892578125,0
2023-02-23,3002.68994140625,3002.969970703125,2931.25,2988.81005859375,0
2023-02-24,2936.89990234375,2950.419921875,2913.14990234375,2935.110107421875,0
2023-02-27,2983.389892578125,2986.760009765625,2949.7099609375,2951.2099609375,0
2023-02-28,2945.8798828125,2998.010009765625,2937.0,2958.389892578125,0
2023-03-01,2967.409912109375,2993.169921875,2945.27001953125,2955.830078125,0
2023-03-02,2909.75,2996.590087890625,2892.219970703125,2984.110107421875,0
2023-03-03,2982.56005859375,3031.909912109375,2961.840087890625,3028.340087890625,0
2023-03-06,3036.580078125,3064.31005859375,2988.75,2994.590087890625,0
2023-03-07,2996.85009765625,3011.070068359375,2950.81005859375,2962.419921875,0
2023-03-08,2981.800048828125,3044.2099609375,2979.419921875,3041.389892578125,0
2023-03-09,3037.580078125,3083.679931640625,2976.35009765625,2980.2099609375,0
2023-03-10,2995.89990234375,3003.570068359375,2909.52001953125,2923.929931640625,0
2023-03-13,2883.8798828125,2957.719970703125,2861.449951171875,2921.7099609375,0
2023-03-14,2977.590087890625,3026.929931640625,2960.570068359375,3010.14990234375,0
2023-03-15,2968.469970703125,2985.489990234375,2915.22998046875,2977.389892578125,0
2023-03-16,2963.260009765625,3102.010009765625,2955.080078125,3098.070068359375,0
2023-03-17,3104.760009765625,3127.419921875,3064.0,3083.52001953125,0
2023-03-20,3083.93994140625,3123.1201171875,3060.340087890625,3114.7099609375,0
2023-03-21,3137.300048828125,3169.860107421875,3071.2099609375,3116.889892578125,0
2023-03-22,3118.97998046875,3201.60009765625,3089.860107421875,3091.7099609375,0
2023-03-23,3146.2099609375,3216.320068359375,3119.030029296875,3174.360107421875,0
2023-03-24,3150.93994140625,3154.360107421875,3089.969970703125,3121.260009765625,0
2023-03-27,3129.39990234375,3141.830078125,3075.780029296875,3083.580078125,0
2023-03-28,3076.989990234375,3076.989990234375,3015.800048828125,3057.27001953125,0
2023-03-29,3109.56005859375,3176.85009765625,3105.360107421875,3157.110107421875,0
2023-03-30,3198.169921875,3230.080078125,3186.31005859375,3208.260009765625,0
2023-03-31,3182.719970703125,3233.93994140625,3178.389892578125,3230.860107421875,0
2023-04-03,3209.669921875,3222.340087890625,3162.409912109375,3200.429931640625,0
2023-04-04,3206.97998046875,3209.31005859375,3126.330078125,3142.5,0
2023-04-05,3107.080078125,3111.800048828125,3055.39990234375,3085.97998046875,0
2023-04-06,3055.169921875,3093.820068359375,3034.820068359375,3071.77001953125,0
2023-04-10,3047.919921875,3127.89990234375,3042.35009765625,3126.969970703125,0
2023-04-11,3145.860107421875,3146.0,3104.3798828125,3109.419921875,0
2023-04-12,3133.860107421875,3140.719970703125,3049.8701171875,3052.52001953125,0
2023-04-13,3055.550048828125,3092.14990234375,3036.030029296875,3074.93994140625,0
2023-04-14,3070.8798828125,3107.25,3036.9599609375,3070.449951171875,0
2023-04-17,3033.3701171875,3067.889892578125,3025.830078125,3066.679931640625,0
2023-04-18,3097.89990234375,3116.360107421875,3054.280029296875,3077.719970703125,0
2023-04-19,3036.030029296875,3053.27001953125,3026.840087890625,3046.3798828125,0
2023-04-20,3015.77001953125,3090.8798828125,3015.77001953125,3046.280029296875,0
2023-04-21,3026.7900390625,3031.9599609375,2995.909912109375,3021.43994140625,0
2023-04-24,3017.919921875,3031.860107421875,2987.919921875,3007.510009765625,0
2023-04-25,2987.219970703125,2987.570068359375,2905.93994140625,2906.2900390625,0
2023-04-26,2922.989990234375,2952.080078125,2908.409912109375,2922.989990234375,0
2023-04-27,2921.89990234375,2944.9599609375,2867.510009765625,2941.590087890625,0
2023-04-28,2958.169921875,2995.330078125,2945.3798828125,2994.969970703125,0
2023-05-01,3007.22998046875,3026.949951171875,2997.169921875,3019.090087890625,0
2023-05-02,3020.18994140625,3034.18994140625,2969.080078125,2996.860107421875,0
2023-05-03,2980.64990234375,3009.070068359375,2956.739990234375,2957.3701171875,0
2023-05-04,2932.550048828125,2971.89990234375,2913.110107421875,2941.6298828125,0
2023-05-05,2942.280029296875,3019.3701171875,2930.639892578125,3007.68994140625,0
2023-05-08,3009.840087890625,3025.989990234375,2979.85009765625,3024.409912109375,0
2023-05-09,2983.199951171875,2983.679931640625,2960.010009765625,2967.840087890625,0
2023-05-10,3003.6201171875,3019.4599609375,2968.409912109375,2997.510009765625,0
2023-05-11,3000.3701171875,3005.0,2950.860107421875,2978.719970703125,0
2023-05-12,2988.580078125,2999.550048828125,2944.070068359375,2972.85009765625,0
2023-05-15,2979.510009765625,3052.909912109375,2971.760009765625,3052.639892578125,0
2023-05-16,3044.43994140625,3083.280029296875,3044.030029296875,3048.7099609375,0
2023-05-17,3077.550048828125,3135.300048828125,3055.969970703125,3124.679931640625,0
2023-05-18,3139.72998046875,3229.6298828125,3136.760009765625,3223.489990234375,0
2023-05-19,3214.97998046875,3217.929931640625,3186.35009765625,3203.489990234375,0
2023-05-22,3180.570068359375,3223.530029296875,3173.8701171875,3215.0400390625,0
2023-05-23,3196.75,3216.989990234375,3171.93994140625,3177.43994140625,0
2023-05-24,3111.550048828125,3135.0400390625,3091.2900390625,3124.090087890625,0
2023-05-25,3281.389892578125,3347.3701171875,3238.219970703125,3336.719970703125,0
2023-05-26,3387.429931640625,3563.330078125,3386.340087890625,3545.669921875,0
2023-05-30,3628.469970703125,3643.93994140625,3537.64990234375,3549.389892578125,0
2023-05-31,3484.330078125,3531.389892578125,3451.8701171875,3453.179931640625,0
2023-06-01,3469.699951171875,3537.820068359375,3437.889892578125,3506.739990234375,0
2023-06-02,3537.72998046875,3546.419921875,3478.030029296875,3501.39990234375,0
2023-06-05,3488.590087890625,3489.090087890625,3430.280029296875,3444.1201171875,0
2023-06-06,3426.889892578125,3504.419921875,3417.510009765625,3488.340087890625,0
2023-06-07,3512.64990234375,3557.0,3469.719970703125,3477.179931640625,0
2023-06-08,3484.10009765625,3521.360107421875,3469.449951171875,3514.320068359375,0
2023-06-09,3559.3798828125,3580.429931640625,3508.719970703125,3524.969970703125,0
2023-06-12,3567.820068359375,3644.860107421875,3565.97998046875,3641.659912109375,0
2023-06-13,3694.81005859375,3711.81005859375,3646.360107421875,3683.659912109375,0
2023-06-14,3670.330078125,3740.699951171875,3653.75,3739.75,0
2023-06-15,3698.56005859375,3736.5,3684.3701171875,3708.06005859375,0
2023-06-16,3738.68994140625,3743.72998046875,3671.27001953125,3673.139892578125,0
2023-06-20,3666.2099609375,3693.409912109375,3616.050048828125,3647.56005859375,0
2023-06-21,3624.1201171875,3636.909912109375,3548.389892578125,3549.72998046875,0
2023-06-22,3525.52001953125,3580.659912109375,3523.780029296875,3569.8701171875,0
2023-06-23,3508.010009765625,3526.969970703125,3489.1298828125,3506.7099609375,0
2023-06-26,3527.64990234375,3582.260009765625,3515.510009765625,3515.77001953125,0
2023-06-27,3527.25,3647.010009765625,3517.52001953125,3642.409912109375,0
2023-06-28,3588.909912109375,3644.9599609375,3580.830078125,3609.47998046875,0
2023-06-29,3626.989990234375,3627.25,3583.489990234375,3614.179931640625,0
2023-06-30,3654.739990234375,3685.760009765625,3644.030029296875,3673.06005859375,0
2023-07-03,3691.280029296875,3713.909912109375,3663.449951171875,3703.6201171875,0
2023-07-05,3672.389892578125,3683.719970703125,3622.10009765625,3622.320068359375,0
2023-07-06,3559.35009765625,3581.6298828125,3532.68994140625,3577.489990234375,0
2023-07-07,3583.56005859375,3633.7900390625,3573.340087890625,3577.72998046875,0
2023-07-10,3587.050048828125,3655.909912109375,3586.409912109375,3651.60009765625,0
2023-07-11,3665.8701171875,3669.43994140625,3599.2099609375,3653.530029296875,0
2023-07-12,3704.719970703125,3727.449951171875,3684.8798828125,3721.469970703125,0
2023-07-13,3755.820068359375,3803.199951171875,3746.8798828125,3797.1298828125,0
2023-07-14,3798.530029296875,3828.159912109375,3735.4599609375,3750.409912109375,0
2023-07-17,3756.360107421875,3855.47998046875,3729.06005859375,3837.31005859375,0
2023-07-18,3821.080078125,3854.570068359375,3790.300048828125,3842.360107421875,0
2023-07-19,3849.10009765625,3849.7900390625,3792.110107421875,3801.659912109375,0
2023-07-20,3727.469970703125,3742.949951171875,3647.9599609375,3663.85009765625,0
2023-07-21,3702.68994140625,3730.340087890625,3678.840087890625,3698.85009765625,0
2023-07-24,3702.409912109375,3723.090087890625,3679.7099609375,3692.320068359375,0
2023-07-25,3717.97998046875,3774.300048828125,3717.97998046875,3755.27001953125,0
2023-07-26,3702.760009765625,3730.409912109375,3662.0,3699.3701171875,0
2023-07-27,3795.050048828125,3845.02001953125,3746.60009765625,3768.27001953125,0
2023-07-28,3840.110107421875,3862.25,3803.7900390625,3851.760009765625,0
2023-07-31,3867.639892578125,3875.169921875,3843.050048828125,3861.6298828125,0
2023-08-01,3825.3798828125,3866.85009765625,3818.06005859375,3858.2099609375,0
2023-08-02,3809.31005859375,3809.75,3691.3701171875,3711.60009765625,0
2023-08-03,3665.530029296875,3731.050048828125,3658.429931640625,3708.080078125,0
2023-08-04,3689.830078125,3751.330078125,3660.300048828125,3699.199951171875,0
2023-08-07,3730.93994140625,3740.409912109375,3705.02001953125,3739.409912109375,0
2023-08-08,3673.43994140625,3684.97998046875,3631.81005859375,3679.419921875,0
2023-08-09,3677.419921875,3678.75,3606.090087890625,3610.47998046875,0
2023-08-10,3634.64990234375,3680.260009765625,3574.9599609375,3597.02001953125,0
2023-08-11,3545.669921875,3554.81005859375,3504.639892578125,3514.550048828125,0
2023-08-14,3492.1201171875,3616.0,3488.550048828125,3615.449951171875,0
2023-08-15,3600.610107421875,3607.969970703125,3552.1201171875,3553.9599609375,0
2023-08-16,3552.3798828125,3552.389892578125,3478.570068359375,3480.080078125,0
2023-08-17,3492.7900390625,3492.7900390625,3437.8701171875,3446.35009765625,0
2023-08-18,3411.469970703125,3475.860107421875,3405.35009765625,3462.739990234375,0
2023-08-21,3481.22998046875,3565.760009765625,3475.580078125,3560.739990234375,0
2023-08-22,3606.280029296875,3610.14990234375,3516.75,3527.68994140625,0
2023-08-23,3508.070068359375,3614.080078125,3507.0400390625,3602.010009765625,0
2023-08-24,3663.949951171875,3663.949951171875,3474.25,3481.300048828125,0
2023-08-25,3476.300048828125,3521.340087890625,3425.7900390625,3495.64990234375,0
2023-08-28,3528.409912109375,3546.760009765625,3503.2900390625,3537.8701171875,0
2023-08-29,3518.340087890625,3640.429931640625,3515.840087890625,3629.570068359375,0
2023-08-30,3615.1201171875,3658.56005859375,3593.47998046875,3643.919921875,0
2023-08-31,3637.050048828125,3690.300048828125,3636.530029296875,3670.929931640625,0
2023-09-01,3694.72998046875,3705.580078125,3658.2900390625,3682.840087890625,0
2023-09-05,3669.659912109375,3711.550048828125,3651.93994140625,3683.7900390625,0
2023-09-06,3673.68994140625,3693.919921875,3615.419921875,3654.4599609375,0
2023-09-07,3569.97998046875,3591.820068359375,3536.56005859375,3582.110107421875,0
2023-09-08,3575.81005859375,3601.47998046875,3552.239990234375,3565.989990234375,0
2023-09-11,3605.6298828125,3607.580078125,3521.669921875,3569.22998046875,0
2023-09-12,3539.550048828125,3599.320068359375,3536.199951171875,3541.090087890625,0
2023-09-13,3536.739990234375,3595.030029296875,3536.739990234375,3560.4599609375,0
2023-09-14,3594.570068359375,3598.14990234375,3549.1298828125,3584.22998046875,0
2023-09-15,3555.570068359375,3560.889892578125,3461.159912109375,3476.389892578125,0
2023-09-18,3446.800048828125,3504.030029296875,3446.219970703125,3492.469970703125,0
2023-09-19,3475.530029296875,3482.530029296875,3441.909912109375,3459.02001953125,0
2023-09-20,3471.739990234375,3485.719970703125,3397.969970703125,3398.81005859375,0
2023-09-21,3356.159912109375,3381.550048828125,3337.860107421875,3338.85009765625,0
2023-09-22,3369.35009765625,3398.43994140625,3353.9599609375,3365.2900390625,0
2023-09-25,3349.469970703125,3390.52001953125,3337.35009765625,3389.4599609375,0
2023-09-26,3362.179931640625,3370.050048828125,3314.5,3329.6201171875,0
2023-09-27,3356.739990234375,3385.6201171875,3310.14990234375,3361.409912109375,0
2023-09-28,3351.919921875,3457.4599609375,3343.580078125,3420.989990234375,0
2023-09-29,3474.419921875,3481.7900390625,3421.5400390625,3434.2900390625,0
2023-10-02,3440.1201171875,3474.989990234375,3408.260009765625,3448.85009765625,0
2023-10-03,3424.06005859375,3464.739990234375,3355.409912109375,3376.580078125,0
2023-10-04,3397.739990234375,3432.429931640625,3370.679931640625,3424.919921875,0
2023-10-05,3425.739990234375,3432.97998046875,3376.860107421875,3406.97998046875,0
2023-10-06,3392.77001953125,3491.989990234375,3365.89990234375,3475.2099609375,0
2023-10-09,3441.93994140625,3475.389892578125,3414.300048828125,3467.35009765625,0
2023-10-10,3481.489990234375,3543.89990234375,3466.010009765625,3512.070068359375,0
2023-10-11,3526.659912109375,3544.280029296875,3497.8798828125,3537.830078125,0
2023-10-12,3549.949951171875,3596.780029296875,3515.5,3548.6201171875,0
2023-10-13,3556.429931640625,3557.22998046875,3446.760009765625,3452.969970703125,0
2023-10-16,3462.010009765625,3512.989990234375,3459.679931640625,3502.510009765625,0
2023-10-17,3429.739990234375,3500.179931640625,3393.489990234375,3474.659912109375,0
2023-10-18,3414.830078125,3443.659912109375,3397.550048828125,3413.449951171875,0
2023-10-19,3444.679931640625,3449.030029296875,3356.360107421875,3367.77001953125,0
2023-10-20,3364.320068359375,3390.97998046875,3312.25,3316.139892578125,0
2023-10-23,3300.3701171875,3356.949951171875,3264.760009765625,3298.5400390625,0
2023-10-24,3316.3798828125,3349.1298828125,3303.469970703125,3343.93994140625,0
2023-10-25,3305.39990234375,3309.320068359375,3190.760009765625,3205.840087890625,0
2023-10-26,3217.6201171875,3254.320068359375,3173.550048828125,3188.419921875,0
2023-10-27,3238.080078125,3258.419921875,3213.050048828125,3227.090087890625,0
2023-10-30,3204.85009765625,3225.090087890625,3152.52001953125,3185.179931640625,0
2023-10-31,3183.6298828125,3223.3701171875,3151.0,3215.889892578125,0
2023-11-01,3224.919921875,3293.06005859375,3218.239990234375,3290.949951171875,0
2023-11-02,3355.800048828125,3388.8798828125,3320.570068359375,3368.5400390625,0
2023-11-03,3405.989990234375,3477.449951171875,3398.77001953125,3454.570068359375,0
2023-11-06,3459.449951171875,3467.43994140625,3413.320068359375,3444.889892578125,0
2023-11-07,3445.68994140625,3489.75,3439.1298828125,3471.4599609375,0
2023-11-08,3473.8701171875,3491.9599609375,3450.590087890625,3472.669921875,0
2023-11-09,3499.659912109375,3534.43994140625,3448.050048828125,3452.340087890625,0
2023-11-10,3496.739990234375,3600.39990234375,3487.169921875,3591.739990234375,0
2023-11-13,3562.5,3568.64990234375,3535.1298828125,3556.75,0
2023-11-14,3653.360107421875,3696.06005859375,3639.75,3685.570068359375,0
2023-11-15,3710.139892578125,3739.340087890625,3687.360107421875,3712.090087890625,0
2023-11-16,3691.25,3733.47998046875,3689.72998046875,3724.10009765625,0
2023-11-17,3707.090087890625,3754.669921875,3707.090087890625,3748.64990234375,0
2023-11-20,3747.52001953125,3817.830078125,3747.2900390625,3805.81005859375,0
2023-11-21,3772.260009765625,3774.530029296875,3714.760009765625,3732.7900390625,0
2023-11-22,3762.659912109375,3804.89990234375,3736.300048828125,3744.9599609375,0
2023-11-24,3739.590087890625,3750.3798828125,3734.18994140625,3747.929931640625,0
2023-11-27,3734.530029296875,3771.679931640625,3723.010009765625,3739.31005859375,0
2023-11-28,3713.260009765625,3735.610107421875,3688.6201171875,3718.35009765625,0
2023-11-29,3769.6201171875,3809.7099609375,3747.510009765625,3753.360107421875,0
2023-11-30,3760.39990234375,3760.679931640625,3695.0,3724.580078125,0
2023-12-01,3696.489990234375,3744.72998046875,3675.2900390625,3738.27001953125,0
2023-12-04,3699.6298828125,3701.68994140625,3638.72998046875,3693.43994140625,0
2023-12-05,3657.530029296875,3680.5,3641.929931640625,3672.39990234375,0
2023-12-06,3726.18994140625,3727.429931640625,3642.070068359375,3645.820068359375,0
2023-12-07,3674.47998046875,3756.840087890625,3669.389892578125,3747.5400390625,0
2023-12-08,3745.02001953125,3791.60009765625,3740.550048828125,3774.169921875,0
2023-12-11,3812.5400390625,3917.43994140625,3809.31005859375,3902.389892578125,0
2023-12-12,3882.510009765625,3931.010009765625,3880.81005859375,3930.179931640625,0
2023-12-13,3932.22998046875,4011.719970703125,3917.969970703125,3990.949951171875,0
2023-12-14,4034.43994140625,4113.9501953125,4034.43994140625,4097.47021484375,0
2023-12-15,4121.22021484375,4161.919921875,4107.0,4117.0,0
2023-12-18,4114.10986328125,4122.3701171875,4069.530029296875,4103.7900390625,0
2023-12-19,4101.72998046875,4130.8798828125,4101.72998046875,4125.56005859375,0
2023-12-20,4093.89990234375,4117.58984375,4006.68994140625,4007.659912109375,0
2023-12-21,4094.2900390625,4124.509765625,4073.840087890625,4118.58984375,0
2023-12-22,4134.580078125,4153.25,4104.68994140625,4132.85009765625,0
2023-12-26,4155.72998046875,4222.31982421875,4155.2001953125,4207.4501953125,0
2023-12-27,4222.240234375,4230.93017578125,4194.9599609375,4214.58984375,0
2023-12-28,4228.47021484375,4233.72998046875,4205.68017578125,4208.68017578125,0
2023-12-29,4205.10986328125,4215.740234375,4155.33984375,4175.47021484375,0
2024-01-02,4100.169921875,4105.759765625,3990.719970703125,4023.0400390625,0
2024-01-03,3938.949951171875,3976.75,3926.860107421875,3941.2099609375,0
2024-01-04,3876.969970703125,3947.27001953125,3875.179931640625,3908.85009765625,0
2024-01-05,3914.169921875,3965.909912109375,3908.719970703125,3933.489990234375,0
2024-01-08,3956.159912109375,4071.6201171875,3956.050048828125,4062.47998046875,0
2024-01-09,4023.510009765625,4094.780029296875,4015.449951171875,4064.64990234375,0
2024-01-10,4065.77001953125,4066.659912109375,4000.39990234375,4048.840087890625,0
2024-01-11,4057.159912109375,4089.070068359375,3987.590087890625,4067.89990234375,0
2024-01-12,4073.39990234375,4089.330078125,4031.010009765625,4052.429931640625,0
2024-01-16,4050.0400390625,4132.990234375,4035.919921875,4105.93994140625,0
2024-01-17,4065.1298828125,4075.2099609375,4001.35009765625,4069.949951171875,0
2024-01-18,4194.509765625,4213.02978515625,4139.7998046875,4206.52001953125,0
2024-01-19,4258.2998046875,4380.7900390625,4240.81005859375,4375.64990234375,0
2024-01-22,4410.06005859375,4439.58984375,4347.2099609375,4386.60009765625,0
2024-01-23,4384.02001953125,4419.2001953125,4347.89990234375,4415.259765625,0
2024-01-24,4475.5400390625,4541.75,4435.56005859375,4483.330078125,0
2024-01-25,4562.2099609375,4566.56005859375,4450.0400390625,4472.259765625,0
2024-01-26,4366.919921875,4405.35986328125,4330.9599609375,4342.10009765625,0
2024-01-29,4354.990234375,4388.35009765625,4323.56005859375,4388.27001953125,0
2024-01-30,4363.56005859375,4384.080078125,4301.85986328125,4319.990234375,0
2024-01-31,4239.8701171875,4334.81005859375,4220.9501953125,4260.919921875,0
2024-02-01,4270.60986328125,4291.330078125,4226.580078125,4280.47998046875,0
2024-02-02,4273.06005859375,4346.02978515625,4270.83984375,4336.72998046875,0
2024-02-05,4370.759765625,4407.0,4320.1201171875,4388.10009765625,0
2024-02-06,4388.75,4396.4501953125,4291.8798828125,4338.27001953125,0
2024-02-07,4364.31005859375,4412.60986328125,4329.9501953125,4408.72998046875,0
2024-02-08,4424.990234375,4510.2001953125,4417.830078125,4478.009765625,0
2024-02-09,4505.81982421875,4574.93017578125,4479.06005859375,4567.2998046875,0
2024-02-12,4566.18017578125,4644.0400390625,4543.0400390625,4560.0400390625,0
2024-02-13,4412.93994140625,4514.990234375,4408.4599609375,4468.18017578125,0
2024-02-14,4533.35009765625,4568.06982421875,4503.330078125,4565.41015625,0
2024-02-15,4591.64990234375,4599.91015625,4540.08984375,4558.10009765625,0
2024-02-16,4585.31005859375,4624.490234375,4514.97998046875,4527.68017578125,0
2024-02-20,4489.8798828125,4507.52978515625,4389.77978515625,4456.8701171875,0
2024-02-21,4402.9501953125,4446.83984375,4383.91015625,4446.35986328125,0
2024-02-22,4632.6298828125,4687.259765625,4604.2001953125,4667.3701171875,0
2024-02-23,4688.60986328125,4709.52001953125,4592.97021484375,4615.02978515625,0
2024-02-26,4658.91015625,4683.91015625,4634.81982421875,4663.47021484375,0
2024-02-27,4680.18017578125,4697.16015625,4651.39990234375,4654.89013671875,0
2024-02-28,4602.10986328125,4627.169921875,4583.81982421875,4602.60009765625,0
2024-02-29,4663.89013671875,4737.06982421875,4645.47021484375,4726.919921875,0
2024-03-01,4780.990234375,4950.259765625,4780.990234375,4929.580078125,0
2024-03-04,4973.52001953125,5037.56982421875,4956.14990234375,4981.97021484375,0
2024-03-05,4921.66015625,4953.9599609375,4829.35986328125,4879.830078125,0
2024-03-06,4976.6201171875,5051.990234375,4947.0498046875,4997.93017578125,0
2024-03-07,5063.5,5187.60009765625,5062.72998046875,5165.830078125,0
2024-03-08,5185.330078125,5217.830078125,4957.16015625,4957.77978515625,0
2024-03-11,4888.3701171875,4926.3701171875,4835.8701171875,4890.2001953125,0
2024-03-12,4946.77978515625,4993.0,4868.419921875,4992.509765625,0
2024-03-13,4926.740234375,4932.1201171875,4841.7001953125,4868.9501953125,0
2024-03-14,4859.740234375,4880.0400390625,4741.58984375,4783.64990234375,0
2024-03-15,4745.72021484375,4808.68017578125,4719.72021484375,4757.7099609375,0
2024-03-18,4834.080078125,4856.39990234375,4751.39013671875,4757.60009765625,0
2024-03-19,4683.72998046875,4734.490234375,4620.52001953125,4712.81005859375,0
2024-03-20,4718.22998046875,4798.33984375,4682.490234375,4788.18017578125,0
2024-03-21,4949.14990234375,4983.4599609375,4890.47998046875,4897.8798828125,0
2024-03-22,4876.009765625,4945.64013671875,4868.9501953125,4908.259765625,0
2024-03-25,4838.31005859375,4937.35009765625,4836.43994140625,4891.490234375,0
2024-03-26,4920.2099609375,4943.25,4849.81005859375,4851.8798828125,0
2024-03-27,4902.27978515625,4903.18017578125,4815.06005859375,4899.9501953125,0
2024-03-28,4892.4501953125,4926.759765625,4887.08984375,4905.2099609375,0
2024-04-01,4921.52978515625,5030.52001953125,4919.97021484375,4962.10009765625,0
2024-04-02,4883.56005859375,4898.1201171875,4834.22021484375,4886.93994140625,0
2024-04-03,4838.080078125,4938.330078125,4831.52978515625,4903.5,0
2024-04-04,4973.33984375,4984.91015625,4750.990234375,4756.06982421875,0
2024-04-05,4784.18994140625,4847.509765625,4751.009765625,4819.1298828125,0
2024-04-08,4848.669921875,4868.85986328125,4808.77001953125,4825.39013671875,0
2024-04-09,4869.39013671875,4890.919921875,4785.6201171875,4870.81005859375,0
2024-04-10,4789.93017578125,4847.52001953125,4761.10986328125,4790.35009765625,0
2024-04-11,4816.10986328125,4911.5400390625,4784.39013671875,4906.3701171875,0
2024-04-12,4810.66015625,4819.7900390625,4735.490234375,4745.0498046875,0
2024-04-15,4804.240234375,4827.89013671875,4658.93994140625,4679.10009765625,0
2024-04-16,4682.81982421875,4744.22998046875,4670.3798828125,4720.52978515625,0
2024-04-17,4725.759765625,4733.419921875,4561.56005859375,4567.31005859375,0
2024-04-18,4541.47998046875,4567.6298828125,4474.8701171875,4491.7099609375,0
2024-04-19,4444.91015625,4480.06982421875,4288.0,4306.8701171875,0
2024-04-22,4351.22998046875,4411.58984375,4299.72021484375,4381.919921875,0
2024-04-23,4415.6201171875,4500.33984375,4407.18017578125,4478.7998046875,0
2024-04-24,4608.0498046875,4616.89013671875,4490.52978515625,4526.2001953125,0
2024-04-25,4515.85986328125,4645.56005859375,4492.93994140625,4615.0400390625,0
2024-04-26,4619.81982421875,4756.91015625,4616.419921875,4735.2900390625,0
2024-04-29,4735.3701171875,4772.080078125,4690.81982421875,4765.7900390625,0
2024-04-30,4756.75,4803.0498046875,4671.77978515625,4673.2998046875,0
2024-05-01,4588.43017578125,4659.97998046875,4482.1201171875,4507.68017578125,0
2024-05-02,4586.580078125,4620.68017578125,4498.490234375,4605.35009765625,0
2024-05-03,4695.97998046875,4740.4599609375,4675.68994140625,4716.18994140625,0
2024-05-06,4749.89013671875,4820.4599609375,4739.35009765625,4820.4501953125,0
2024-05-07,4825.68994140625,4840.60009765625,4783.85009765625,4784.8798828125,0
2024-05-08,4741.72021484375,4794.33984375,4737.27978515625,4790.3798828125,0
2024-05-09,4786.5,4789.43994140625,4737.490234375,4759.77001953125,0
2024-05-10,4814.8701171875,4857.83984375,4787.759765625,4808.02978515625,0
2024-05-13,4828.58984375,4846.81005859375,4811.0,4823.08984375,0
2024-05-14,4817.39013671875,4908.52001953125,4811.81982421875,4903.93017578125,0
2024-05-15,4946.22021484375,5046.27001953125,4930.68994140625,5045.080078125,0
2024-05-16,5045.02001953125,5084.56982421875,5017.2998046875,5017.5400390625,0
2024-05-17,5048.93017578125,5056.0400390625,4947.169921875,4983.02001953125,0
2024-05-20,5002.0498046875,5119.16015625,4999.41015625,5090.35009765625,0
2024-05-21,5031.0,5080.91015625,5020.58984375,5074.39990234375,0
2024-05-22,5114.97998046875,5140.830078125,5074.3701171875,5126.81005859375,0
2024-05-23,5243.7001953125,5255.64013671875,5081.990234375,5125.97998046875,0
2024-05-24,5167.0,5232.31982421875,5149.31005859375,5220.919921875,0
2024-05-28,5286.02001953125,5343.68017578125,5235.89013671875,5317.8701171875,0
2024-05-29,5234.39013671875,5249.68994140625,5206.93017578125,5219.31982421875,0
2024-05-30,5208.7998046875,5228.18017578125,5145.8701171875,5173.259765625,0
2024-05-31,5180.5498046875,5204.4599609375,4988.0498046875,5123.35986328125,0
2024-06-03,5215.08984375,5215.08984375,5059.91015625,5152.509765625,0
2024-06-04,5144.5400390625,5148.9501953125,5074.3798828125,5116.27001953125,0
2024-06-05,5208.080078125,5348.91015625,5193.72998046875,5347.43994140625,0
2024-06-06,5343.97998046875,5353.47998046875,5260.56005859375,5301.68017578125,0
2024-06-07,5288.14990234375,5322.1201171875,5254.89990234375,5287.240234375,0
2024-06-10,5243.72021484375,5379.490234375,5238.83984375,5362.39990234375,0
2024-06-11,5343.2998046875,5374.2099609375,5287.0498046875,5365.3798828125,0
2024-06-12,5456.16015625,5543.580078125,5452.85009765625,5520.8701171875,0
2024-06-13,5590.580078125,5624.009765625,5527.22998046875,5602.419921875,0
2024-06-14,5558.64013671875,5613.31982421875,5540.9501953125,5598.31005859375,0
2024-06-17,5639.9599609375,5699.2099609375,5571.419921875,5688.10009765625,0
2024-06-18,5705.490234375,5792.85986328125,5695.97998046875,5765.1201171875,0
2024-06-20,5787.9501953125,5789.6298828125,5577.56005859375,5610.009765625,0
2024-06-21,5538.14990234375,5613.47021484375,5482.4501953125,5538.5400390625,0
2024-06-24,5485.18017578125,5519.39990234375,5369.56005859375,5371.52001953125,0
2024-06-25,5413.0498046875,5470.27001953125,5361.81005859375,5467.66015625,0
2024-06-26,5469.64990234375,5499.41015625,5389.47998046875,5452.31982421875,0
2024-06-27,5435.330078125,5477.509765625,5389.27001953125,5421.08984375,0
2024-06-28,5454.3701171875,5583.1298828125,5431.27001953125,5472.259765625,0
2024-07-01,5472.0,5481.64013671875,5371.10986328125,5477.14990234375,0
2024-07-02,5443.2900390625,5546.0400390625,5442.0498046875,5544.990234375,0
2024-07-03,5555.5400390625,5673.6298828125,5537.0,5651.72021484375,0
2024-07-05,5684.0400390625,5703.52978515625,5625.47021484375,5656.31005859375,0
2024-07-08,5701.2998046875,5772.5,5700.91015625,5765.2099609375,0
2024-07-09,5798.6201171875,5826.16015625,5713.93994140625,5765.2001953125,0
2024-07-10,5818.35009765625,5913.9501953125,5799.43017578125,5904.5400390625,0
2024-07-11,5929.990234375,5931.830078125,5682.10986328125,5699.66015625,0
2024-07-12,5727.009765625,5871.0,5705.8798828125,5775.18994140625,0
2024-07-15,5802.58984375,5854.1201171875,5743.759765625,5777.7099609375,0
2024-07-16,5797.56982421875,5812.7001953125,5714.72998046875,5804.02978515625,0
2024-07-17,5596.02978515625,5636.10009765625,5402.93017578125,5408.7099609375,0
2024-07-18,5499.7998046875,5511.47998046875,5341.31982421875,5436.419921875,0
2024-07-19,5424.52001953125,5429.2099609375,5261.64990234375,5267.16015625,0
2024-07-22,5382.490234375,5481.97021484375,5344.27001953125,5477.830078125,0
2024-07-23,5407.60986328125,5453.60009765625,5385.9501953125,5397.89990234375,0
2024-07-24,5320.10009765625,5330.91015625,5098.43017578125,5105.64990234375,0
2024-07-25,5052.2998046875,5168.08984375,4906.72998046875,5005.35986328125,0
2024-07-26,5110.6298828125,5147.93994140625,5056.2099609375,5103.1298828125,0
2024-07-29,5156.0,5226.3798828125,5074.2998046875,5087.6201171875,0
2024-07-30,5108.009765625,5119.35009765625,4874.60986328125,4890.14990234375,0
2024-07-31,5127.6201171875,5240.580078125,5088.43994140625,5233.18017578125,0
2024-08-01,5143.83984375,5201.2900390625,4801.0498046875,4859.58984375,0
2024-08-02,4644.4599609375,4698.8798828125,4540.68017578125,4607.759765625,0
2024-08-05,4330.259765625,4635.1298828125,4290.35009765625,4519.4501953125,0
2024-08-06,4558.7001953125,4683.06005859375,4493.669921875,4567.56982421875,0
2024-08-07,4709.6201171875,4738.93994140625,4418.56982421875,4426.27001953125,0
2024-08-08,4552.16015625,4736.72021484375,4472.35009765625,4730.009765625,0
2024-08-09,4702.97021484375,4746.27001953125,4643.85009765625,4709.4501953125,0
2024-08-12,4729.27001953125,4800.169921875,4690.2099609375,4743.81982421875,0
2024-08-13,4807.68017578125,4945.7900390625,4788.27978515625,4942.31005859375,0
2024-08-14,4981.77978515625,5000.10986328125,4852.35986328125,4933.35009765625,0
2024-08-15,5035.580078125,5190.169921875,5022.02978515625,5173.3798828125,0
2024-08-16,5108.72021484375,5186.1201171875,5100.14013671875,5170.25,0
2024-08-19,5159.5400390625,5266.97998046875,5096.35009765625,5266.56982421875,0
2024-08-20,5237.2900390625,5273.27001953125,5159.10009765625,5196.2998046875,0
2024-08-21,5232.2998046875,5288.5400390625,5205.08984375,5267.93017578125,0
2024-08-22,5303.830078125,5315.72021484375,5072.43017578125,5086.89990234375,0
2024-08-23,5163.06005859375,5259.27978515625,5149.009765625,5228.64990234375,0
2024-08-26,5199.02001953125,5229.10009765625,5079.97021484375,5097.35009765625,0
2024-08-27,5063.47021484375,5171.10009765625,5018.830078125,5153.6298828125,0
2024-08-28,5138.60009765625,5163.7099609375,5005.5,5059.56005859375,0
2024-08-29,5068.7099609375,5157.68994140625,5010.0498046875,5029.25,0
2024-08-30,5154.56982421875,5176.830078125,5075.3798828125,5158.81982421875,0
2024-09-03,5058.7099609375,5058.7099609375,4735.89990234375,4759.0,0
2024-09-04,4707.02001953125,4844.259765625,4695.169921875,4770.85009765625,0
2024-09-05,4708.58984375,4821.64013671875,4698.0498046875,4742.419921875,0
2024-09-06,4698.77978515625,4701.08984375,4507.68017578125,4528.22021484375,0
2024-09-09,4598.27978515625,4636.6201171875,4547.18017578125,4625.77978515625,0
2024-09-10,4624.990234375,4684.58984375,4561.93017578125,4680.669921875,0
2024-09-11,4712.1298828125,4918.919921875,4616.58984375,4910.169921875,0
2024-09-12,4878.18017578125,4944.3798828125,4824.2900390625,4898.43994140625,0
2024-09-13,4940.22021484375,4991.33984375,4929.5498046875,4980.490234375,0
2024-09-16,4905.68994140625,4935.77978515625,4850.35986328125,4910.43994140625,0
2024-09-17,4971.39013671875,4980.85986328125,4874.33984375,4912.10009765625,0
2024-09-18,4935.4501953125,5006.43017578125,4854.8701171875,4859.2900390625,0
2024-09-19,5049.77978515625,5135.89013671875,5005.02001953125,5066.64990234375,0
2024-09-20,5016.39990234375,5034.580078125,4928.85009765625,5000.06005859375,0
2024-09-23,5027.3798828125,5043.97021484375,4984.68017578125,5025.81005859375,0
2024-09-24,5071.47998046875,5119.7900390625,5009.7001953125,5091.77978515625,0
2024-09-25,5078.25,5167.83984375,5078.25,5132.52001953125,0
2024-09-26,5352.35009765625,5355.97021484375,5182.509765625,5310.5,0
2024-09-27,5318.0400390625,5318.06005859375,5190.72021484375,5217.22998046875,0
2024-09-30,5154.47021484375,5201.830078125,5101.85986328125,5173.06005859375,0
2024-10-01,5178.47998046875,5188.39990234375,4987.669921875,5024.93994140625,0
2024-10-02,5031.93994140625,5151.02978515625,5008.10986328125,5099.2001953125,0
2024-10-03,5071.5400390625,5188.97998046875,5070.58984375,5125.2099609375,0
2024-10-04,5237.0400390625,5237.0400390625,5141.1201171875,5206.83984375,0
2024-10-07,5169.5,5243.3701171875,5162.72021484375,5196.7998046875,0
2024-10-08,5208.830078125,5282.56005859375,5177.27001953125,5266.10009765625,0
2024-10-09,5267.64990234375,5327.2001953125,5219.52001953125,5321.89990234375,0
2024-10-10,5252.669921875,5322.06005859375,5224.52978515625,5293.93994140625,0
2024-10-11,5261.419921875,5351.7099609375,5261.22998046875,5335.93994140625,0
2024-10-14,5377.8798828125,5445.080078125,5376.16015625,5432.2099609375,0
2024-10-15,5421.7099609375,5441.9599609375,5112.27978515625,5145.2099609375,0
2024-10-16,5193.06005859375,5206.740234375,5125.9501953125,5155.85986328125,0
2024-10-17,5292.72021484375,5302.18017578125,5204.2998046875,5204.81005859375,0
2024-10-18,5238.259765625,5244.1298828125,5190.22021484375,5208.6201171875,0
2024-10-21,5195.18017578125,5222.93017578125,5145.1298828125,5215.2099609375,0
2024-10-22,5182.2998046875,5207.72021484375,5152.02001953125,5190.7099609375,0
2024-10-23,5174.83984375,5190.64990234375,5061.39990234375,5131.3701171875,0
2024-10-24,5170.27001953125,5175.0,5116.41015625,5157.60986328125,0
2024-10-25,5212.3798828125,5287.77001953125,5210.7998046875,5212.830078125,0
2024-10-28,5199.58984375,5246.8798828125,5190.02001953125,5211.669921875,0
2024-10-29,5211.1201171875,5358.0400390625,5187.81005859375,5332.169921875,0
2024-10-30,5192.64013671875,5228.52978515625,5151.85009765625,5153.490234375,0
2024-10-31,5085.56005859375,5085.56005859375,4911.60986328125,4946.75,0
2024-11-01,4984.990234375,5054.06005859375,4975.72998046875,5001.43017578125,0
2024-11-04,4996.9599609375,5051.77001953125,4960.64013671875,4974.0,0
2024-11-05,4999.3798828125,5059.259765625,4999.16015625,5057.830078125,0
2024-11-06,5163.580078125,5233.75,5118.72998046875,5215.56982421875,0
2024-11-07,5294.64990234375,5337.91015625,5280.31005859375,5333.990234375,0
2024-11-08,5311.85986328125,5333.2900390625,5262.02978515625,5290.52001953125,0
2024-11-11,5240.6298828125,5242.6298828125,5097.7900390625,5156.39013671875,0
2024-11-12,5145.68017578125,5153.33984375,5043.77001953125,5108.64013671875,0
2024-11-13,5077.27978515625,5086.419921875,4999.64990234375,5006.2900390625,0
2024-11-14,5062.7998046875,5075.81982421875,4992.5400390625,5004.58984375,0
2024-11-15,4914.080078125,4936.18994140625,4816.52978515625,4833.58984375,0
2024-11-18,4833.4599609375,4896.77001953125,4806.0,4888.77001953125,0
2024-11-19,4874.18017578125,4925.06005859375,4860.72998046875,4919.16015625,0
2024-11-20,4902.41015625,4902.83984375,4813.2998046875,4884.25,0
2024-11-21,4949.39013671875,4989.91015625,4842.16015625,4963.0498046875,0
2024-11-22,4956.2998046875,4973.6298828125,4921.56005859375,4955.7998046875,0
2024-11-25,5001.14990234375,5031.240234375,4955.10986328125,4987.919921875,0
2024-11-26,5027.72021484375,5036.27978515625,4892.0498046875,4927.56005859375,0
2024-11-27,4897.35009765625,4899.47998046875,4770.2998046875,4853.009765625,0
2024-11-29,4894.97021484375,4975.60986328125,4887.85986328125,4926.56005859375,0
2024-12-02,4957.02001953125,5084.31005859375,4956.41015625,5055.31982421875,0
2024-12-03,5027.740234375,5059.83984375,5014.81982421875,5035.85986328125,0
2024-12-04,5140.77001953125,5143.8798828125,5076.259765625,5121.77978515625,0
2024-12-05,5104.2001953125,5114.16015625,5015.169921875,5026.3701171875,0
2024-12-06,5029.60986328125,5073.10009765625,5018.97021484375,5061.2998046875,0
2024-12-09,5023.7099609375,5085.47998046875,4998.56982421875,5018.83984375,0
2024-12-10,5032.64990234375,5032.669921875,4863.39990234375,4894.7001953125,0
2024-12-11,4968.83984375,5055.25,4940.06005859375,5027.7998046875,0
2024-12-12,4979.080078125,5005.81005859375,4946.64990234375,4982.18994140625,0
2024-12-13,5126.60009765625,5184.83984375,5070.759765625,5149.77978515625,0
2024-12-16,5175.85009765625,5280.7900390625,5135.18994140625,5256.06005859375,0
2024-12-17,5193.02978515625,5213.22998046875,5135.669921875,5169.7900390625,0
2024-12-18,5207.2001953125,5247.7001953125,4935.5400390625,4970.97998046875,0
2024-12-19,4984.009765625,4996.919921875,4881.580078125,4893.47021484375,0
2024-12-20,4862.4599609375,5032.97998046875,4853.2001953125,4964.91015625,0
2024-12-23,5013.75,5124.18994140625,5013.75,5118.75,0
2024-12-24,5151.02001953125,5173.7998046875,5123.31982421875,5173.56005859375,0
2024-12-26,5140.6201171875,5207.3701171875,5128.759765625,5175.31005859375,0
2024-12-27,5149.5498046875,5153.7900390625,5058.81005859375,5122.97021484375,0
2024-12-30,5032.4501953125,5075.60986328125,4988.5498046875,5026.509765625,0
2024-12-31,5041.080078125,5059.5,4962.419921875,4979.93017578125,0
2025-01-02,5024.580078125,5094.14013671875,4976.2900390625,5021.5,0
2025-01-03,5061.52001953125,5173.39013671875,5059.81005859375,5163.64990234375,0
2025-01-06,5284.509765625,5381.0400390625,5283.39990234375,5310.14013671875,0
2025-01-07,5368.43017578125,5370.830078125,5186.1298828125,5212.25,0
2025-01-08,5204.18994140625,5207.0400390625,5104.64013671875,5162.35009765625,0
2025-01-10,5089.9501953125,5091.4599609375,5001.27001953125,5037.47021484375,0
2025-01-13,4945.97021484375,5026.47021484375,4929.93017578125,5020.0400390625,0
2025-01-14,5064.93994140625,5097.4501953125,4987.43994140625,5045.9501953125,0
2025-01-15,5128.22021484375,5179.330078125,5107.2001953125,5153.669921875,0
2025-01-16,5246.7998046875,5262.009765625,5161.919921875,5162.9599609375,0
2025-01-17,5289.60986328125,5319.68017578125,5252.35986328125,5309.740234375,0
2025-01-21,5356.91015625,5425.330078125,5307.52001953125,5378.5,0
2025-01-22,5436.77001953125,5525.14990234375,5433.7998046875,5469.2900390625,0
2025-01-23,5367.52001953125,5444.740234375,5350.85009765625,5444.68994140625,0
2025-01-24,5447.2900390625,5449.81005859375,5320.60986328125,5341.93994140625,0
2025-01-27,5007.83984375,5045.43017578125,4785.43017578125,4853.240234375,0
2025-01-28,4896.25,4928.18994140625,4776.81982421875,4907.02978515625,0
2025-01-29,4949.43017578125,4964.669921875,4862.31982421875,4918.10009765625,0
2025-01-30,4996.5498046875,5054.43017578125,4959.7001953125,5030.52978515625,0
2025-01-31,5058.47021484375,5161.93017578125,5000.18994140625,5015.85009765625,0
2025-02-03,4866.4501953125,4983.18994140625,4848.72021484375,4924.81005859375,0
2025-02-04,4917.6298828125,4999.68994140625,4907.4501953125,4976.58984375,0
2025-02-05,4988.06005859375,5102.39990234375,4945.66015625,5091.5,0
2025-02-06,5062.2900390625,5106.490234375,5041.85986328125,5092.58984375,0
2025-02-07,5115.4501953125,5129.64013671875,4978.56982421875,5009.33984375,0
2025-02-10,5058.0,5097.3701171875,5056.0400390625,5082.669921875,0
2025-02-11,5043.1201171875,5110.4501953125,5042.5400390625,5079.97021484375,0
2025-02-12,5003.2001953125,5093.10009765625,4992.52001953125,5090.7900390625,0
2025-02-13,5087.68017578125,5158.490234375,5086.33984375,5156.39013671875,0
2025-02-14,5149.169921875,5176.330078125,5132.93017578125,5160.93994140625,0
2025-02-18,5209.97998046875,5259.18017578125,5168.490234375,5247.85986328125,0
2025-02-19,5246.4501953125,5331.9599609375,5223.1201171875,5309.68994140625,0
2025-02-20,5336.9501953125,5366.31982421875,5254.64013671875,5310.6298828125,0
2025-02-21,5318.47998046875,5321.2001953125,5120.02978515625,5136.58984375,0
2025-02-24,5155.3701171875,5167.43994140625,4999.580078125,5003.5400390625,0
2025-02-25,4993.5498046875,5009.18994140625,4876.41015625,4888.8798828125,0
2025-02-26,4959.97021484375,5032.64013671875,4935.330078125,4990.81982421875,0
2025-02-27,5032.8798828125,5041.14990234375,4684.77978515625,4686.75,0
2025-02-28,4684.22021484375,4795.89013671875,4634.9501953125,4766.75,0
2025-03-03,4817.669921875,4827.56982421875,4533.759765625,4575.3701171875,0
2025-03-04,4564.75,4726.83984375,4469.68994140625,4604.509765625,0
2025-03-05,4646.81982421875,4714.52978515625,4565.89013671875,4700.7900390625,0
2025-03-06,4519.10986328125,4623.0,4474.85986328125,4487.85009765625,0
2025-03-07,4533.35986328125,4642.56982421875,4455.759765625,4629.58984375,0
2025-03-10,4508.64013671875,4548.72998046875,4343.25,4405.08984375,0
2025-03-11,4418.1298828125,4470.330078125,4300.490234375,4374.06982421875,0
2025-03-12,4488.06005859375,4537.14013671875,4436.72021484375,4481.02001953125,0
2025-03-13,4485.830078125,4548.5400390625,4413.68017578125,4453.240234375,0
2025-03-14,4542.7099609375,4608.68994140625,4534.7099609375,4598.7900390625,0
2025-03-17,4587.10986328125,4703.77001953125,4587.0498046875,4663.97021484375,0
2025-03-18,4618.0400390625,4628.64990234375,4562.0400390625,4589.02978515625,0
2025-03-19,4598.919921875,4709.3798828125,4558.58984375,4634.52978515625,0
2025-03-20,4579.06005859375,4648.4599609375,4575.4501953125,4601.3701171875,0
2025-03-21,4514.39990234375,4570.41015625,4484.47998046875,4557.9501953125,0
2025-03-24,4662.89990234375,4722.47998046875,4657.330078125,4694.22021484375,0
2025-03-25,4679.8798828125,4693.2001953125,4648.7998046875,4661.33984375,0
2025-03-26,4639.919921875,4649.5400390625,4467.7099609375,4508.740234375,0
2025-03-27,4452.52001953125,4476.3701171875,4394.7998046875,4415.25,0
2025-03-28,4387.83984375,4411.66015625,4259.93017578125,4284.91015625,0
2025-03-31,4193.5,4277.18994140625,4129.60986328125,4270.43017578125,0
2025-04-01,4253.5498046875,4285.9599609375,4179.4501953125,4282.4599609375,0
2025-04-02,4216.240234375,4374.509765625,4206.66015625,4320.75,0
2025-04-03,4115.1298828125,4131.81982421875,3889.6201171875,3893.68994140625,0
2025-04-04,3760.14990234375,3778.780029296875,3529.60009765625,3597.659912109375,0
2025-04-07,3460.449951171875,3896.070068359375,3388.6201171875,3694.949951171875,0
2025-04-08,3863.699951171875,3902.530029296875,3484.27001953125,3562.93994140625,0
2025-04-09,3609.169921875,4265.02001953125,3572.47998046875,4230.4501953125,0
2025-04-10,4020.1298828125,4036.8701171875,3757.52001953125,3893.300048828125,0
2025-04-11,3881.22998046875,4000.3798828125,3822.280029296875,3990.89990234375,0
2025-04-14,4094.639892578125,4098.43994140625,3944.89990234375,4003.219970703125,0
2025-04-15,4019.780029296875,4074.93994140625,4000.929931640625,4021.889892578125,0
2025-04-16,3836.89990234375,3905.860107421875,3733.989990234375,3857.169921875,0
2025-04-17,3886.840087890625,3887.989990234375,3796.530029296875,3832.469970703125,0
2025-04-21,3761.860107421875,3765.080078125,3681.14990234375,3751.909912109375,0
2025-04-22,3787.52001953125,3858.35009765625,3776.969970703125,3832.050048828125,0
2025-04-23,4035.010009765625,4070.8701171875,3963.820068359375,3983.919921875,0
2025-04-24,4071.3798828125,4212.39013671875,4054.669921875,4208.18994140625,0
2025-04-25,4167.10986328125,4279.56005859375,4152.740234375,4251.60986328125,0
2025-04-28,4227.330078125,4264.60009765625,4144.60009765625,4235.6201171875,0
2025-04-29,4184.47021484375,4241.3798828125,4172.7998046875,4196.75,0
2025-04-30,4085.239990234375,4238.02978515625,4066.800048828125,4230.08984375,0
2025-05-01,4288.02001953125,4332.06005859375,4243.080078125,4247.66015625,0
2025-05-02,4363.4501953125,4430.9501953125,4352.58984375,4397.0498046875,0
2025-05-05,4351.35986328125,4399.56005859375,4348.72998046875,4356.18017578125,0
2025-05-06,4281.06982421875,4346.31005859375,4252.669921875,4311.2001953125,0
2025-05-07,4304.35009765625,4400.240234375,4268.93017578125,4386.35986328125,0
2025-05-08,4444.169921875,4494.8701171875,4392.9599609375,4430.43994140625,0
2025-05-09,4509.31982421875,4515.759765625,4433.259765625,4466.5,0
2025-05-12,4769.75,4807.0,4708.14990234375,4780.93017578125,0
2025-05-13,4799.56005859375,4952.89990234375,4798.0400390625,4931.35009765625,0
2025-05-14,4968.9501953125,4996.10009765625,4918.8701171875,4960.72998046875,0
2025-05-15,4909.68994140625,4968.7001953125,4873.5400390625,4932.4501953125,0
2025-05-16,4927.68017578125,4927.81982421875,4868.75,4922.18994140625,0
2025-05-19,4812.77978515625,4907.47021484375,4810.4599609375,4897.7099609375,0
2025-05-20,4854.7998046875,4892.64990234375,4841.830078125,4890.77978515625,0
2025-05-21,4857.06982421875,4949.27001953125,4775.14990234375,4802.7099609375,0
2025-05-22,4798.68017578125,4846.81982421875,4772.5400390625,4775.47021484375,0
2025-05-23,4659.72021484375,4728.3798828125,4647.31982421875,4702.3798828125,0
2025-05-27,4795.0400390625,4878.77001953125,4767.77978515625,4861.08984375,0
2025-05-28,4868.56005859375,4889.169921875,4825.68994140625,4834.419921875,0
2025-05-29,4956.240234375,4956.240234375,4832.35009765625,4860.47998046875,0
2025-05-30,4828.25,4828.25,4673.41015625,4758.06005859375,0
2025-06-02,4762.64990234375,4848.2900390625,4759.02001953125,4832.7900390625,0
2025-06-03,4836.259765625,4970.39990234375,4815.27978515625,4964.41015625,0
2025-06-04,5004.330078125,5049.56005859375,4959.5498046875,5033.35009765625,0
2025-06-05,5079.39990234375,5112.16015625,4980.18994140625,5010.919921875,0
2025-06-06,5066.18017578125,5101.5498046875,5034.77978515625,5038.06005859375,0
2025-06-09,5083.75,5185.89990234375,5083.27978515625,5136.66015625,0
2025-06-10,5169.2001953125,5253.009765625,5149.830078125,5242.5,0
2025-06-11,5270.02001953125,5302.64013671875,5186.85009765625,5232.52978515625,0
2025-06-12,5201.2099609375,5269.5,5200.91015625,5249.14990234375,0
2025-06-13,5140.89990234375,5193.85986328125,5101.02978515625,5112.240234375,0
2025-06-16,5178.41015625,5293.169921875,5178.35009765625,5267.2998046875,0
2025-06-17,5243.39013671875,5311.759765625,5222.3798828125,5223.64990234375,0
2025-06-18,5248.27001953125,5305.240234375,5219.6298828125,5251.02001953125,0
2025-06-20,5296.14013671875,5304.580078125,5143.64990234375,5211.47998046875,0
2025-06-23,5209.27001953125,5267.419921875,5140.3798828125,5244.2998046875,0
2025-06-24,5335.27001953125,5444.39013671875,5335.27001953125,5441.8701171875,0
2025-06-25,5461.14990234375,5494.77978515625,5443.39990234375,5493.2998046875,0
2025-06-26,5530.4599609375,5553.2900390625,5495.22021484375,5541.4599609375,0
2025-06-27,5549.4599609375,5588.52001953125,5488.68017578125,5544.990234375,0
2025-06-30,5564.169921875,5571.39013671875,5520.27978515625,5546.5400390625,0
2025-07-01,5512.10986328125,5543.93017578125,5429.16015625,5507.5,0
2025-07-02,5503.259765625,5627.64013671875,5490.56005859375,5611.0498046875,0
2025-07-03,5633.08984375,5668.14013671875,5630.240234375,5647.1201171875,0
2025-07-07,5596.47021484375,5613.919921875,5519.47998046875,5541.2001953125,0
2025-07-08,5591.43994140625,5676.68017578125,5572.8798828125,5641.22021484375,0
2025-07-09,5665.8701171875,5722.3798828125,5618.97021484375,5665.990234375,0
2025-07-10,5712.2998046875,5724.0498046875,5657.89013671875,5708.27978515625,0
2025-07-11,5677.919921875,5718.75,5659.08984375,5696.2900390625,0
2025-07-14,5651.77978515625,5671.2001953125,5568.490234375,5646.72021484375,0
2025-07-15,5778.02978515625,5791.81005859375,5714.35009765625,5718.60986328125,0
2025-07-16,5659.2998046875,5698.14013671875,5560.06982421875,5696.2099609375,0
2025-07-17,5696.7900390625,5755.080078125,5670.14990234375,5737.64013671875,0
2025-07-18,5754.89013671875,5776.31005859375,5695.0498046875,5732.6201171875,0
2025-07-21,5754.740234375,5808.60009765625,5737.81982421875,5739.419921875,0
2025-07-22,5717.72021484375,5721.02001953125,5580.2998046875,5638.7099609375,0
2025-07-23,5613.68994140625,5642.14990234375,5564.60986328125,5637.7900390625,0
2025-07-24,5645.33984375,5657.580078125,5595.240234375,5644.3701171875,0
2025-07-25,5601.52001953125,5650.16015625,5589.97998046875,5645.85986328125,0
2025-07-28,5704.89013671875,5738.919921875,5695.93017578125,5737.10009765625,0
2025-07-29,5784.02978515625,5819.8701171875,5706.02978515625,5739.7900390625,0
2025-07-30,5788.83984375,5820.5400390625,5738.64990234375,5787.31982421875,0
2025-07-31,5721.580078125,5730.419921875,5558.10986328125,5607.919921875,0
2025-08-01,5501.91015625,5583.43017578125,5418.31982421875,5527.60986328125,0
2025-08-04,5575.830078125,5624.85986328125,5550.1201171875,5624.41015625,0
2025-08-05,5633.06005859375,5651.0,5501.43017578125,5561.68994140625,0
2025-08-06,5525.58984375,5561.43994140625,5474.509765625,5550.2998046875,0
2025-08-07,5675.1201171875,5701.509765625,5588.3701171875,5633.7001953125,0
2025-08-08,5629.47021484375,5682.10009765625,5616.990234375,5678.02001953125,0
2025-08-11,5722.080078125,5763.31982421875,5660.22998046875,5670.3701171875,0
2025-08-12,5710.10986328125,5842.52001953125,5682.5400390625,5840.08984375,0
2025-08-13,5875.4501953125,5907.9599609375,5835.60986328125,5892.60986328125,0
2025-08-14,5828.06982421875,5904.60009765625,5787.2099609375,5885.490234375,0
2025-08-15,5830.18017578125,5832.6298828125,5737.02978515625,5752.740234375,0
2025-08-18,5742.490234375,5781.0,5738.5498046875,5776.31005859375,0
2025-08-19,5777.66015625,5797.9599609375,5664.93017578125,5671.509765625,0
2025-08-20,5642.89990234375,5644.31005859375,5480.0498046875,5630.81982421875,0
2025-08-21,5607.6201171875,5643.4501953125,5574.259765625,5603.259765625,0
2025-08-22,5612.31982421875,5818.22998046875,5598.8798828125,5754.4599609375,0
2025-08-25,5758.77001953125,5784.60009765625,5724.31982421875,5756.2998046875,0
2025-08-26,5780.14013671875,5824.06982421875,5777.5498046875,5807.919921875,0
2025-08-27,5789.72021484375,5831.509765625,5766.77001953125,5824.60986328125,0
2025-08-28,5859.18017578125,5889.06005859375,5808.93994140625,5853.0498046875,0
2025-08-29,5757.97021484375,5758.7001953125,5646.169921875,5668.93994140625,0
2025-09-02,5509.41015625,5609.41015625,5503.1201171875,5605.4599609375,0
2025-09-03,5619.10009765625,5624.759765625,5538.2001953125,5592.81982421875,0
2025-09-04,5566.68994140625,5672.6201171875,5545.60009765625,5667.85986328125,0
2025-09-05,5775.41015625,5792.97021484375,5687.14013671875,5761.39990234375,0
2025-09-08,5804.02978515625,5835.77001953125,5786.33984375,5809.60986328125,0
2025-09-09,5825.0400390625,5830.16015625,5776.009765625,5819.830078125,0
2025-09-10,5921.9501953125,5977.60986328125,5911.509765625,5958.08984375,0
2025-09-11,6008.39013671875,6033.52978515625,5987.52978515625,5995.39013671875,0
2025-09-12,6018.3798828125,6021.759765625,5974.58984375,6001.740234375,0
2025-09-15,5993.8798828125,6062.2900390625,5979.990234375,6059.830078125,0
2025-09-16,6085.97021484375,6098.1201171875,6034.41015625,6079.22021484375,0
2025-09-17,6067.009765625,6109.080078125,5980.240234375,6060.22021484375,0
2025-09-18,6220.009765625,6311.58984375,6201.0498046875,6278.16015625,0
2025-09-19,6248.39013671875,6249.080078125,6184.66015625,6232.25,0
2025-09-22,6247.830078125,6347.60009765625,6246.7099609375,6330.1201171875,0
2025-09-23,6336.52978515625,6374.6201171875,6274.5400390625,6308.2099609375,0
2025-09-24,6282.18017578125,6313.919921875,6216.3701171875,6297.0,0
2025-09-25,6176.580078125,6298.7001953125,6125.009765625,6284.669921875,0
2025-09-26,6279.64013671875,6313.0400390625,6229.72021484375,6305.0498046875,0
2025-09-29,6380.02001953125,6408.259765625,6313.7099609375,6315.10986328125,0
2025-09-30,6322.56982421875,6374.06005859375,6289.4501953125,6369.81982421875,0
2025-10-01,6321.7998046875,6507.02978515625,6317.7900390625,6500.27978515625,0
2025-10-02,6633.3701171875,6643.7099609375,6573.10009765625,6626.3798828125,0
2025-10-03,6655.06982421875,6683.43994140625,6547.39990234375,6583.740234375,0
2025-10-06,6852.72021484375,6881.91015625,6773.259765625,6774.06005859375,0
2025-10-07,6837.669921875,6847.509765625,6622.6298828125,6634.759765625,0
2025-10-08,6625.2900390625,6867.08984375,6624.06982421875,6860.2001953125,0
2025-10-09,6845.39013671875,6869.080078125,6776.830078125,6840.2001953125,0
2025-10-10,6853.43017578125,6867.85986328125,6403.240234375,6407.60009765625,0
2025-10-13,6662.89013671875,6742.3701171875,6612.8798828125,6723.47021484375,0
2025-10-14,6582.330078125,6706.4501953125,6532.740234375,6570.330078125,0
2025-10-15,6723.009765625,6780.72998046875,6632.14013671875,6767.06005859375,0
2025-10-16,6848.22021484375,6880.56982421875,6727.9599609375,6800.02001953125,0
2025-10-17,6742.02978515625,6812.27978515625,6673.580078125,6777.97998046875,0
2025-10-20,6858.6298828125,6935.64990234375,6855.18017578125,6885.02978515625,0
2025-10-21,6864.240234375,6875.72998046875,6793.1201171875,6839.27001953125,0
2025-10-22,6764.43994140625,6819.83984375,6547.3701171875,6677.56982421875,0
2025-10-23,6648.330078125,6861.4599609375,6648.330078125,6847.39013671875,0
2025-10-24,6970.16015625,7021.3798828125,6961.16015625,6976.93994140625,0
2025-10-27,7103.56005859375,7175.52978515625,7083.10009765625,7167.97998046875,0
2025-10-28,7158.16015625,7223.77001953125,7136.3798828125,7194.7099609375,0
2025-10-29,7342.5400390625,7392.64013671875,7257.81982421875,7327.93017578125,0
2025-10-30,7283.08984375,7351.0498046875,7213.39990234375,7216.0,0
2025-10-31,7284.330078125,7345.91015625,7171.740234375,7228.66015625,0
2025-11-03,7342.7998046875,7353.6298828125,7248.68994140625,7270.97021484375,0
2025-11-04,7074.4501953125,7190.58984375,6972.3701171875,6979.56982421875,0
2025-11-05,7024.27978515625,7277.81982421875,7022.9501953125,7190.27001953125,0
2025-11-06,7195.22998046875,7226.06005859375,6974.1201171875,7018.39013671875,0
2025-11-07,6917.75,6949.14990234375,6688.83984375,6947.35986328125,0
2025-11-10,7136.66015625,7178.35009765625,7066.47998046875,7156.9501953125,0
2025-11-11,7077.3798828125,7099.81005859375,6965.759765625,6979.7001953125,0
2025-11-12,7112.16015625,7130.5498046875,7035.27001953125,7082.1298828125,0
2025-11-13,7003.169921875,7008.43994140625,6750.1201171875,6818.740234375,0
2025-11-14,6634.93994140625,6911.919921875,6587.83984375,6811.2001953125,0
2025-11-17,6756.56005859375,6886.6298828125,6631.31982421875,6705.740234375,0
2025-11-18,6622.009765625,6651.58984375,6479.68017578125,6551.02978515625,0
2025-11-19,6577.27978515625,6751.81982421875,6552.97021484375,6670.02978515625,0
2025-11-20,6863.1201171875,6882.990234375,6327.7900390625,6352.06982421875,0
2025-11-21,6351.0498046875,6505.8798828125,6160.0498046875,6406.43017578125,0
2025-11-24,6494.85986328125,6733.02978515625,6475.39013671875,6703.2001953125,0
2025-11-25,6617.14013671875,6730.9599609375,6457.2998046875,6714.18017578125,0
2025-11-26,6801.5498046875,6958.93017578125,6790.27978515625,6899.4599609375,0
2025-11-28,6926.91015625,7028.14013671875,6907.7998046875,7025.14990234375,0
2025-12-01,6945.2001953125,7081.1201171875,6920.669921875,7020.52978515625,0
2025-12-02,7098.60986328125,7211.14013671875,7057.31005859375,7149.47021484375,0
2025-12-03,7164.81982421875,7284.35986328125,7099.81005859375,7280.509765625,0
2025-12-04,7238.72998046875,7267.35986328125,7180.77978515625,7215.97021484375,0
2025-12-05,7303.06005859375,7377.2998046875,7282.2900390625,7294.83984375,0
2025-12-08,7358.16015625,7410.5,7302.7001953125,7375.22021484375,0
2025-12-09,7325.830078125,7386.4501953125,7299.9599609375,7372.509765625,0
2025-12-10,7369.72998046875,7490.27978515625,7333.4599609375,7467.490234375,0
2025-12-11,7353.080078125,7419.6201171875,7208.22998046875,7411.47998046875,0
2025-12-12,7297.85009765625,7331.3798828125,7003.39990234375,7033.56982421875,0
2025-12-15,7096.27001953125,7125.9599609375,6971.39990234375,6990.41015625,0
2025-12-16,6977.89990234375,7019.10986328125,6888.6201171875,6958.43994140625,0
2025-12-17,6993.10009765625,7005.080078125,6680.68017578125,6695.31005859375,0
2025-12-18,6938.919921875,6970.18994140625,6831.72998046875,6863.6298828125,0
2025-12-19,6942.4599609375,7095.009765625,6942.4599609375,7067.8701171875,0
2025-12-22,7204.02001953125,7206.39013671875,7120.0400390625,7145.56982421875,0
2025-12-23,7118.39013671875,7186.39013671875,7091.4599609375,7184.5400390625,0
2025-12-24,7191.72021484375,7212.5498046875,7173.27001953125,7204.3701171875,0
2025-12-26,7229.66015625,7233.06005859375,7188.580078125,7207.64013671875,0
2025-12-29,7116.14990234375,7205.22021484375,7098.77001953125,7178.27001953125,0
2025-12-30,7206.0498046875,7229.759765625,7167.02001953125,7169.10009765625,0
2025-12-31,7184.85009765625,7193.5,7082.64990234375,7083.1298828125,0
2026-01-02,7288.669921875,7418.25,7286.33984375,7367.47021484375,0
2026-01-05,7570.43994140625,7577.27978515625,7415.7001953125,7446.4501953125,0
2026-01-06,7542.60986328125,7665.77001953125,7521.9501953125,7650.93017578125,0
2026-01-07,7554.77978515625,7601.06005859375,7512.85986328125,7574.8701171875,0
2026-01-08,7543.25,7548.31005859375,7372.7900390625,7436.10009765625,0
2026-01-09,7471.330078125,7678.89013671875,7467.830078125,7638.77978515625,0
2026-01-12,7574.240234375,7703.14013671875,7568.06982421875,7674.83984375,0
2026-01-13,7725.080078125,7825.8798828125,7715.8798828125,7747.990234375,0
2026-01-14,7688.5,7707.3798828125,7598.509765625,7701.47021484375,0
2026-01-15,7960.9599609375,7998.1201171875,7833.9501953125,7837.2998046875,0
2026-01-16,7972.8701171875,8008.4599609375,7885.91015625,7927.41015625,0
2026-01-20,7807.89013671875,7931.93017578125,7767.47998046875,7794.18994140625,0
2026-01-21,7909.56982421875,8113.66015625,7869.72021484375,8042.06982421875,0
2026-01-22,8186.97021484375,8188.16015625,8032.39990234375,8055.169921875,0
2026-01-23,8024.2099609375,8032.18994140625,7905.14013671875,7957.93017578125,0
2026-01-26,7917.22998046875,7982.93017578125,7881.43994140625,7927.0400390625,0
2026-01-27,8030.39990234375,8157.35009765625,8009.509765625,8117.18017578125,0
2026-01-28,8287.4599609375,8341.83984375,8227.509765625,8306.740234375,0
2026-01-29,8340.0400390625,8386.98046875,8020.93994140625,8320.3896484375,0
2026-01-30,8206.3203125,8309.9599609375,7947.89990234375,7998.47021484375,0
2026-02-02,7955.1201171875,8215.400390625,7954.740234375,8134.490234375,0
2026-02-03,8203.0302734375,8239.6396484375,7796.4599609375,7966.330078125,0
2026-02-04,7863.1298828125,7955.5,7461.740234375,7619.16015625,0
2026-02-05,7531.919921875,7727.2900390625,7473.85009765625,7614.64013671875,0
2026-02-06,7762.10986328125,8071.490234375,7752.5400390625,8048.6201171875,0
2026-02-09,7991.18017578125,8209.6201171875,7948.52978515625,8162.580078125,0
2026-02-10,8191.60986328125,8197.919921875,8051.91015625,8107.1298828125,0
2026-02-11,8263.1796875,8345.6904296875,8100.580078125,8291.8603515625,0
2026-02-12,8358.080078125,8400.01953125,8079.7900390625,8084.7001953125,0
2026-02-13,8090.330078125,8209.3095703125,8010.259765625,8137.85986328125,0
2026-02-17,8021.990234375,8210.51953125,7926.97998046875,8136.0498046875,0
2026-02-18,8170.27978515625,8303.3203125,8137.5,8214.349609375,0
2026-02-19,8133.240234375,8182.39990234375,8076.759765625,8173.2998046875,0
2026-02-20,8109.0400390625,8308.26953125,8106.0400390625,8260.419921875,0
2026-02-23,8248.4404296875,8291.3896484375,8124.27978515625,8213.4599609375,0
2026-02-24,8314.740234375,8387.6298828125,8225.7197265625,8332.33984375,0
2026-02-25,8442.849609375,8498.099609375,8418.509765625,8467.4296875,0
2026-02-26,8402.98046875,8422.150390625,8062.10986328125,8197.259765625,0
2026-02-27,8036.83984375,8139.990234375,8009.25,8098.3701171875,0
2026-03-02,7919.8701171875,8144.2998046875,7908.759765625,8137.35986328125,0
2026-03-03,7806.2998046875,7855.919921875,7673.080078125,7764.8798828125,0
2026-03-04,7891.27978515625,7959.85009765625,7807.259765625,7914.47998046875,0
2026-03-05,7875.93994140625,7965.31005859375,7660.7001953125,7821.759765625,0
2026-03-06,7627.68017578125,7776.72021484375,7466.47021484375,7514.740234375,0
2026-03-09,7388.330078125,7826.490234375,7363.169921875,7810.39990234375,0
2026-03-10,7846.52978515625,8017.06005859375,7831.10986328125,7865.1201171875,0
2026-03-11,7918.27978515625,8002.93994140625,7881.169921875,7914.56982421875,0
2026-03-12,7771.490234375,7805.25,7612.8701171875,7643.169921875,0
2026-03-13,7744.009765625,7818.990234375,7617.97998046875,7646.64013671875,0
2026-03-16,7846.2900390625,7896.77001953125,7762.06005859375,7796.240234375,0
2026-03-17,7828.77001953125,7866.58984375,7763.8701171875,7836.830078125,0
2026-03-18,7883.1298828125,7913.7001953125,7794.259765625,7795.1298828125,0
2026-03-19,7561.7998046875,7913.35009765625,7548.5,7863.2998046875,0
2026-03-20,7862.66015625,7880.81005859375,7572.080078125,7670.60986328125,0
2026-03-23,7825.83984375,7958.0,7734.419921875,7773.1298828125,0
2026-03-24,7732.77978515625,7924.41015625,7709.47998046875,7872.7099609375,0
2026-03-25,7935.72998046875,8025.64990234375,7896.240234375,7967.75,0
2026-03-26,7823.77001953125,7831.759765625,7582.85986328125,7585.8701171875,0
2026-03-27,7545.419921875,7611.60009765625,7427.10009765625,7457.669921875,0
2026-03-30,7517.47021484375,7546.68017578125,7084.1298828125,7142.330078125,0
2026-03-31,7277.8798828125,7591.330078125,7274.14990234375,7588.2001953125,0
2026-04-01,7680.60986328125,7893.75,7677.5400390625,7802.31005859375,0
2026-04-02,7544.93017578125,7843.740234375,7505.97021484375,7833.39013671875,0
2026-04-06,7917.85986328125,7963.64990234375,7821.77978515625,7916.10986328125,0
2026-04-07,7915.169921875,8006.33984375,7790.06982421875,8003.8701171875,0
2026-04-08,8497.9296875,8526.3896484375,8320.919921875,8510.919921875,0
2026-04-09,8561.1796875,8699.5,8543.5595703125,8689.5302734375,0
2026-04-10,8812.2197265625,8962.9501953125,8795.580078125,8889.830078125,0
2026-04-13,8873.3095703125,9044.7900390625,8837.9599609375,9039.51953125,0
2026-04-14,9133.2900390625,9225.4599609375,9042.150390625,9224.1201171875,0
2026-04-15,9189.23046875,9249.9599609375,9035.1103515625,9239.2900390625,0
2026-04-16,9215.9296875,9356.16015625,9144.98046875,9329.349609375,0
2026-04-17,9477.8896484375,9556.419921875,9419.1298828125,9555.8798828125,0
2026-04-20,9604.900390625,9612.08984375,9462.9404296875,9599.2099609375,0
2026-04-21,9676.7802734375,9721.400390625,9569.7001953125,9647.2099609375,0
2026-04-22,9817.099609375,9914.080078125,9698.9501953125,9909.26953125,0
2026-04-23,9984.73046875,10206.1796875,9923.4296875,10078.5703125,0
2026-04-24,10463.8095703125,10564.009765625,10270.9599609375,10513.66015625,0
2026-04-27,10533.3203125,10536.8603515625,10251.73046875,10408.0400390625,0
2026-04-28,9979.169921875,10184.990234375,9865.3798828125,10035.580078125,0
2026-04-29,10192.330078125,10272.9501953125,10113.2099609375,10271.2998046875,0
2026-04-30,10387.83984375,10516.3896484375,10229.8896484375,10503.7001953125,0
2026-05-01,10388.8203125,10624.2099609375,10364.400390625,10595.33984375,0
2026-05-04,10656.0703125,10690.4697265625,10430.2099609375,10534.66015625,0
2026-05-05,10759.2099609375,11058.16015625,10718.490234375,10980.580078125,0
2026-05-06,11243.830078125,11477.3798828125,11062.9501953125,11472.75,0
2026-05-07,11332.1904296875,11404.3701171875,11075.1298828125,11160.990234375,0
2026-05-08,11408.009765625,11776.740234375,11388.419921875,11775.5,0
2026-05-11,11875.2900390625,12108.669921875,11822.490234375,12081.0400390625,0
2026-05-12,11741.4697265625,11919.0,11263.580078125,11717.259765625,0
2026-05-13,11988.75,12106.5498046875,11739.169921875,12017.98046875,0
2026-05-14,11950.1396484375,12141.5400390625,11892.41015625,12073.7802734375,0
2026-05-15,11672.5400390625,11810.669921875,11522.26953125,11588.4599609375,0
2026-05-18,11825.8798828125,11825.8798828125,11097.759765625,11302.51953125,0
2026-05-19,11053.990234375,11513.990234375,10895.75,11305.5,0
2026-05-20,11580.080078125,11818.3896484375,11528.1298828125,11813.2900390625,0
2026-05-21,11826.08984375,12003.009765625,11739.8095703125,11964.080078125,0
2026-05-22,12070.169921875,12304.51953125,12069.0400390625,12202.5400390625,0
2026-05-26,12616.6298828125,12932.8095703125,12548.240234375,12876.91015625,0
2026-05-27,13029.7900390625,13037.91015625,12452.3603515625,12702.1904296875,0
2026-05-28,12748.58984375,12961.1904296875,12528.6904296875,12829.1396484375,0
2026-05-29,12973.76953125,13115.2802734375,12737.1904296875,12829.3798828125,0
2026-06-01,12706.6201171875,13088.009765625,12631.0302734375,12965.650390625,0
2026-06-02,13242.7001953125,13733.7197265625,13202.1796875,13726.26953125,0
2026-06-03,13971.150390625,13998.1396484375,13554.3701171875,13916.9599609375,0
2026-06-04,13243.66015625,13819.6201171875,13041.2802734375,13617.5,0
2026-06-05,13062.5498046875,13111.4404296875,12217.3203125,12220.759765625,0
2026-06-08,12838.8798828125,13129.01953125,12676.740234375,12906.6904296875,0
2026-06-09,13142.990234375,13264.1201171875,11794.150390625,12657.8095703125,0
2026-06-10,12501.83984375,12870.5302734375,12157.66015625,12206.4599609375,0
2026-06-11,12506.650390625,13194.2802734375,12475.23046875,13171.4404296875,0
2026-06-12,13053.9296875,13513.4404296875,12986.0595703125,13371.4697265625,0
2026-06-15,13901.240234375,14134.599609375,13860.3203125,14099.6201171875,0
2026-06-16,13968.2802734375,14133.599609375,13291.75,13294.2197265625,0
2026-06-17,13694.009765625,13965.599609375,13471.2197265625,13477.0703125,0
2026-06-18,14084.759765625,14461.7900390625,14062.2802734375,14341.7802734375,0
2026-06-22,14607.0498046875,14655.2900390625,14393.8896484375,14634.7197265625,0
2026-06-23,13586.2900390625,13857.16015625,13374.4404296875,13482.509765625,0
2026-06-24,13484.169921875,13597.3798828125,13115.830078125,13458.2001953125,0
2026-06-25,14156.4296875,14194.6796875,13379.9404296875,13940.8701171875,0
2026-06-26,13419.1396484375,13519.5498046875,13159.240234375,13203.5703125,0
2026-06-29,13241.9697265625,13733.349609375,12782.5302734375,13709.66015625,0
2026-06-30,13787.919921875,14332.759765625,13750.669921875,14246.9599609375,0
2026-07-01,13718.080078125,13844.419921875,13322.6298828125,13353.2802734375,0
2026-07-02,13268.2197265625,13526.7197265625,12374.41015625,12626.2197265625,0
2026-07-06,12914.4697265625,13252.5400390625,12890.6201171875,12900.1396484375,0
2026-07-07,12375.8603515625,12417.509765625,11960.83984375,12300.51953125,0
2026-07-08,12277.2802734375,12615.3701171875,12215.2197265625,12574.9697265625,0
2026-07-09,13119.41015625,13249.0703125,12915.5400390625,12960.0,0
2026-07-10,12779.2197265625,13065.01953125,12656.8701171875,12967.16015625,0
2026-07-13,12563.6298828125,12646.7802734375,12289.0498046875,12347.7802734375,0
2026-07-14,12837.3798828125,12846.2900390625,12489.5400390625,12661.9296875,0
2026-07-15,12774.4296875,12785.400390625,12022.9404296875,12398.8896484375,0
2026-07-16,12114.9697265625,12191.41015625,11768.9599609375,11867.5,0
2026-07-17,11485.8896484375,11939.4404296875,11194.599609375,11673.8896484375,0
2026-07-20,11952.7001953125,12071.830078125,11718.2099609375,11743.849609375,0
2026-07-21,12311.2802734375,12404.1103515625,12085.990234375,12356.16015625,0
2026-07-22,12123.3203125,12525.7099609375,12113.9501953125,12410.669921875,0
2026-07-23,12235.7998046875,12480.8798828125,12188.0498046875,12343.83984375,0
2026-07-24,12131.2890625,12261.51953125,11711.3857421875,11818.8857421875,0
